Workbook
Name I1.18: '7'!#REF!
Name I1.18: '8'!#REF!
Name I1.18: '9'!#REF!
Name I1.18_1: '7'!#REF!
Name I1.18_1: '8'!#REF!
Name I1.18_1: '9'!#REF!

Sheet Граф_Наблюдения
E2: Скважина | F2: 13 | T2: Скважина | U2: 13 | AP2: Скважина | AQ2: =U2 -> 13
E3: Дата нулевого цикла измерений | F3: 45517 | T3: Дата нулевого цикла измерений | U3: 45517 | AE3: Дата нулевого цикла измерений | AF3: =U3 -> 45517 | AP3: Дата нулевого цикла измерений | AQ3: =U3 -> 45517
A5: Абсолютное отклонение скважины в направлении Юг-Север (мм) | G5: Абсолютное отклонение скважины в направлении Запад-Восток (мм) | K5: Абсолютное отклонение скважины суммарное (мм) | P5: Отклонение от референсного положения в направлении Юг-Север (мм) | V5: Отклонение от референсного положения в направлении Запад-Восток (мм) | AA5: Общее отклонение от референсного положения (мм) | AF5: Азимут отклонения, град

Sheet "0" цикл 24.06
B1: Нулевой цикл (24.06) | K1: Аз скв | L1: 180
A2: Глубина | B2: X1 | C2: X2 | D2: X абсолютное (угл. Сек) | E2: Перемещение по X, (мм), 01.03.24 | F2: Y1 | G2: Y2 | H2: Y абсолютное (угл. Сек) | I2: Перемещение по Y, (мм), 15.03.24 | J2: Суммарное перемещение, мм | K2: Азимут (в системе координат скважины) | L2: Азимут, абсолютный | M2: D сев | N2: D восток | O2: Dрез | P2: ΔD сев | Q2: ΔD восток | R2: ΔD | T2: Аз откл
A3: 0 | B3: -1896.5 | C3: -5592.9 | D3: =(B3-C3)/2 -> 1848.2 | E3: =0.5*SIN(D3/3600*PI()/180)*1000+E4 -> -712.54381 | F3: -937.8 | G3: 3616.3 | H3: =(F3-G3)/2 -> -2277.05 | I3: =0.5*SIN(H3/3600*PI()/180)*1000+I4 -> 586.7014 | J3: =SQRT(E3^2+I3^2) -> 923.00445 | K3: =IF(E3>=0,180-DEGREES(ASIN(-I3/J3)),IF(E3<0,DEGREES(ASIN(-I3/J3)),360-DEGREES(ASIN(I3/J3)))) -> -39.467698 | L3: =IF((K3+$L$1)<=360,K3+$L$1,K3+$L$1-360) -> 140.5323 | M3: =J3*COS(RADIANS(L3)) -> -712.54381 | N3: =J3*SIN(RADIANS(L3)) -> 586.7014 | O3: =SQRT(N3^2+M3^2) -> 923.00445 | P3: =M3 -> -712.54381 | Q3: =N3 -> 586.7014 | R3: =SQRT(P3^2+Q3^2) -> 923.00445 | S3: =IF(R3=0,0,IF(P3>=0,DEGREES(ASIN(Q3/R3)),(180-DEGREES(ASIN(Q3/R3))))) -> 140.5323 | T3: =IF(S3<0,360+S3,S3) -> 140.5323
A4: 0.5 | B4: -2364.2 | C4: -7831.4 | D4: =(B4-C4)/2 -> 2733.6 | E4: =0.5*SIN(D4/3600*PI()/180)*1000+E5 -> -717.02391 | F4: -386.7 | G4: 5773.3 | H4: =(F4-G4)/2 -> -3080 | I4: =0.5*SIN(H4/3600*PI()/180)*1000+I5 -> 592.22101 | J4: =SQRT(E4^2+I4^2) -> 929.97259 | K4: =IF(E4>=0,180-DEGREES(ASIN(-I4/J4)),IF(E4<0,DEGREES(ASIN(-I4/J4)),360-DEGREES(ASIN(I4/J4)))) -> -39.554771 | L4: =IF((K4+$L$1)<=360,K4+$L$1,K4+$L$1-360) -> 140.44523 | M4: =J4*COS(RADIANS(L4)) -> -717.02391 | N4: =J4*SIN(RADIANS(L4)) -> 592.22101 | O4: =SQRT(N4^2+M4^2) -> 929.97259 | P4: =M4 -> -717.02391 | Q4: =N4 -> 592.22101 | R4: =SQRT(P4^2+Q4^2) -> 929.97259 | S4: =IF(R4=0,0,IF(P4>=0,DEGREES(ASIN(Q4/R4)),(180-DEGREES(ASIN(Q4/R4))))) -> 140.44523 | T4: =IF(S4<0,360+S4,S4) -> 140.44523
A5: 1 | B5: -3432.6 | C5: -7218.9 | D5: =(B5-C5)/2 -> 1893.15 | E5: =0.5*SIN(D5/3600*PI()/180)*1000+E6 -> -723.65015 | F5: 598.5 | G5: 5387.3 | H5: =(F5-G5)/2 -> -2394.4 | I5: =0.5*SIN(H5/3600*PI()/180)*1000+I6 -> 599.68687 | J5: =SQRT(E5^2+I5^2) -> 939.83716 | K5: =IF(E5>=0,180-DEGREES(ASIN(-I5/J5)),IF(E5<0,DEGREES(ASIN(-I5/J5)),360-DEGREES(ASIN(I5/J5)))) -> -39.648448 | L5: =IF((K5+$L$1)<=360,K5+$L$1,K5+$L$1-360) -> 140.35155 | M5: =J5*COS(RADIANS(L5)) -> -723.65015 | N5: =J5*SIN(RADIANS(L5)) -> 599.68687 | O5: =SQRT(N5^2+M5^2) -> 939.83716 | P5: =M5 -> -723.65015 | Q5: =N5 -> 599.68687 | R5: =SQRT(P5^2+Q5^2) -> 939.83716 | S5: =IF(R5=0,0,IF(P5>=0,DEGREES(ASIN(Q5/R5)),(180-DEGREES(ASIN(Q5/R5))))) -> 140.35155 | T5: =IF(S5<0,360+S5,S5) -> 140.35155
A6: 1.5 | B6: -4867.4 | C6: -6719.7 | D6: =(B6-C6)/2 -> 926.15 | E6: =0.5*SIN(D6/3600*PI()/180)*1000+E7 -> -728.23921 | F6: 2158 | G6: 4850.3 | H6: =(F6-G6)/2 -> -1346.15 | I6: =0.5*SIN(H6/3600*PI()/180)*1000+I7 -> 605.49093 | J6: =SQRT(E6^2+I6^2) -> 947.07529 | K6: =IF(E6>=0,180-DEGREES(ASIN(-I6/J6)),IF(E6<0,DEGREES(ASIN(-I6/J6)),360-DEGREES(ASIN(I6/J6)))) -> -39.741663 | L6: =IF((K6+$L$1)<=360,K6+$L$1,K6+$L$1-360) -> 140.25834 | M6: =J6*COS(RADIANS(L6)) -> -728.23921 | N6: =J6*SIN(RADIANS(L6)) -> 605.49093 | O6: =SQRT(N6^2+M6^2) -> 947.07529 | P6: =M6 -> -728.23921 | Q6: =N6 -> 605.49093 | R6: =SQRT(P6^2+Q6^2) -> 947.07529 | S6: =IF(R6=0,0,IF(P6>=0,DEGREES(ASIN(Q6/R6)),(180-DEGREES(ASIN(Q6/R6))))) -> 140.25834 | T6: =IF(S6<0,360+S6,S6) -> 140.25834
A7: 2 | B7: -5311.3 | C7: -5929.4 | D7: =(B7-C7)/2 -> 309.05 | E7: =0.5*SIN(D7/3600*PI()/180)*1000+E8 -> -730.48426 | F7: 2514.5 | G7: 4084.5 | H7: =(F7-G7)/2 -> -785 | I7: =0.5*SIN(H7/3600*PI()/180)*1000+I8 -> 608.75406 | J7: =SQRT(E7^2+I7^2) -> 950.8884 | K7: =IF(E7>=0,180-DEGREES(ASIN(-I7/J7)),IF(E7<0,DEGREES(ASIN(-I7/J7)),360-DEGREES(ASIN(I7/J7)))) -> -39.806366 | L7: =IF((K7+$L$1)<=360,K7+$L$1,K7+$L$1-360) -> 140.19363 | M7: =J7*COS(RADIANS(L7)) -> -730.48426 | N7: =J7*SIN(RADIANS(L7)) -> 608.75406 | O7: =SQRT(N7^2+M7^2) -> 950.8884 | P7: =M7 -> -730.48426 | Q7: =N7 -> 608.75406 | R7: =SQRT(P7^2+Q7^2) -> 950.8884 | S7: =IF(R7=0,0,IF(P7>=0,DEGREES(ASIN(Q7/R7)),(180-DEGREES(ASIN(Q7/R7))))) -> 140.19363 | T7: =IF(S7<0,360+S7,S7) -> 140.19363
A8: 2.5 | B8: -5808.5 | C8: -5026.3 | D8: =(B8-C8)/2 -> -391.1 | E8: =0.5*SIN(D8/3600*PI()/180)*1000+E9 -> -731.23342 | F8: 2923.5 | G8: 3084.2 | H8: =(F8-G8)/2 -> -80.35 | I8: =0.5*SIN(H8/3600*PI()/180)*1000+I9 -> 610.65695 | J8: =SQRT(E8^2+I8^2) -> 952.68264 | K8: =IF(E8>=0,180-DEGREES(ASIN(-I8/J8)),IF(E8<0,DEGREES(ASIN(-I8/J8)),360-DEGREES(ASIN(I8/J8)))) -> -39.865438 | L8: =IF((K8+$L$1)<=360,K8+$L$1,K8+$L$1-360) -> 140.13456 | M8: =J8*COS(RADIANS(L8)) -> -731.23342 | N8: =J8*SIN(RADIANS(L8)) -> 610.65695 | O8: =SQRT(N8^2+M8^2) -> 952.68264 | P8: =M8 -> -731.23342 | Q8: =N8 -> 610.65695 | R8: =SQRT(P8^2+Q8^2) -> 952.68264 | S8: =IF(R8=0,0,IF(P8>=0,DEGREES(ASIN(Q8/R8)),(180-DEGREES(ASIN(Q8/R8))))) -> 140.13456 | T8: =IF(S8<0,360+S8,S8) -> 140.13456
A9: 3 | B9: -6555.7 | C9: -4151 | D9: =(B9-C9)/2 -> -1202.35 | E9: =0.5*SIN(D9/3600*PI()/180)*1000+E10 -> -730.28536 | F9: 3821.4 | G9: 2276.9 | H9: =(F9-G9)/2 -> 772.25 | I9: =0.5*SIN(H9/3600*PI()/180)*1000+I10 -> 610.85173 | J9: =SQRT(E9^2+I9^2) -> 952.08011 | K9: =IF(E9>=0,180-DEGREES(ASIN(-I9/J9)),IF(E9<0,DEGREES(ASIN(-I9/J9)),360-DEGREES(ASIN(I9/J9)))) -> -39.911006 | L9: =IF((K9+$L$1)<=360,K9+$L$1,K9+$L$1-360) -> 140.08899 | M9: =J9*COS(RADIANS(L9)) -> -730.28536 | N9: =J9*SIN(RADIANS(L9)) -> 610.85173 | O9: =SQRT(N9^2+M9^2) -> 952.08011 | P9: =M9 -> -730.28536 | Q9: =N9 -> 610.85173 | R9: =SQRT(P9^2+Q9^2) -> 952.08011 | S9: =IF(R9=0,0,IF(P9>=0,DEGREES(ASIN(Q9/R9)),(180-DEGREES(ASIN(Q9/R9))))) -> 140.08899 | T9: =IF(S9<0,360+S9,S9) -> 140.08899
A10: 3.5 | B10: -7445.6 | C10: -3603.8 | D10: =(B10-C10)/2 -> -1920.9 | E10: =0.5*SIN(D10/3600*PI()/180)*1000+E11 -> -727.3708 | F10: 4826.1 | G10: 1606.5 | H10: =(F10-G10)/2 -> 1609.8 | I10: =0.5*SIN(H10/3600*PI()/180)*1000+I11 -> 608.97974 | J10: =SQRT(E10^2+I10^2) -> 948.64356 | K10: =IF(E10>=0,180-DEGREES(ASIN(-I10/J10)),IF(E10<0,DEGREES(ASIN(-I10/J10)),360-DEGREES(ASIN(I10/J10)))) -> -39.937223 | L10: =IF((K10+$L$1)<=360,K10+$L$1,K10+$L$1-360) -> 140.06278 | M10: =J10*COS(RADIANS(L10)) -> -727.3708 | N10: =J10*SIN(RADIANS(L10)) -> 608.97974 | O10: =SQRT(N10^2+M10^2) -> 948.64356 | P10: =M10 -> -727.3708 | Q10: =N10 -> 608.97974 | R10: =SQRT(P10^2+Q10^2) -> 948.64356 | S10: =IF(R10=0,0,IF(P10>=0,DEGREES(ASIN(Q10/R10)),(180-DEGREES(ASIN(Q10/R10))))) -> 140.06278 | T10: =IF(S10<0,360+S10,S10) -> 140.06278
A11: 4 | B11: -6909.9 | C11: -3436.8 | D11: =(B11-C11)/2 -> -1736.55 | E11: =0.5*SIN(D11/3600*PI()/180)*1000+E12 -> -722.71448 | F11: 3979 | G11: 1518.5 | H11: =(F11-G11)/2 -> 1230.25 | I11: =0.5*SIN(H11/3600*PI()/180)*1000+I12 -> 605.07752 | J11: =SQRT(E11^2+I11^2) -> 942.56831 | K11: =IF(E11>=0,180-DEGREES(ASIN(-I11/J11)),IF(E11<0,DEGREES(ASIN(-I11/J11)),360-DEGREES(ASIN(I11/J11)))) -> -39.937047 | L11: =IF((K11+$L$1)<=360,K11+$L$1,K11+$L$1-360) -> 140.06295 | M11: =J11*COS(RADIANS(L11)) -> -722.71448 | N11: =J11*SIN(RADIANS(L11)) -> 605.07752 | O11: =SQRT(N11^2+M11^2) -> 942.56831 | P11: =M11 -> -722.71448 | Q11: =N11 -> 605.07752 | R11: =SQRT(P11^2+Q11^2) -> 942.56831 | S11: =IF(R11=0,0,IF(P11>=0,DEGREES(ASIN(Q11/R11)),(180-DEGREES(ASIN(Q11/R11))))) -> 140.06295 | T11: =IF(S11<0,360+S11,S11) -> 140.06295
A12: 4.5 | B12: -5428.5 | C12: -3307.3 | D12: =(B12-C12)/2 -> -1060.6 | E12: =0.5*SIN(D12/3600*PI()/180)*1000+E13 -> -718.50501 | F12: 2629.4 | G12: 1346.7 | H12: =(F12-G12)/2 -> 641.35 | I12: =0.5*SIN(H12/3600*PI()/180)*1000+I13 -> 602.09532 | J12: =SQRT(E12^2+I12^2) -> 937.42638 | K12: =IF(E12>=0,180-DEGREES(ASIN(-I12/J12)),IF(E12<0,DEGREES(ASIN(-I12/J12)),360-DEGREES(ASIN(I12/J12)))) -> -39.962451 | L12: =IF((K12+$L$1)<=360,K12+$L$1,K12+$L$1-360) -> 140.03755 | M12: =J12*COS(RADIANS(L12)) -> -718.50501 | N12: =J12*SIN(RADIANS(L12)) -> 602.09532 | O12: =SQRT(N12^2+M12^2) -> 937.42638 | P12: =M12 -> -718.50501 | Q12: =N12 -> 602.09532 | R12: =SQRT(P12^2+Q12^2) -> 937.42638 | S12: =IF(R12=0,0,IF(P12>=0,DEGREES(ASIN(Q12/R12)),(180-DEGREES(ASIN(Q12/R12))))) -> 140.03755 | T12: =IF(S12<0,360+S12,S12) -> 140.03755
A13: 5 | B13: -3640.7 | C13: -3557.9 | D13: =(B13-C13)/2 -> -41.4 | E13: =0.5*SIN(D13/3600*PI()/180)*1000+E14 -> -715.93405 | F13: 903.9 | G13: 1645.4 | H13: =(F13-G13)/2 -> -370.75 | I13: =0.5*SIN(H13/3600*PI()/180)*1000+I14 -> 600.54065 | J13: =SQRT(E13^2+I13^2) -> 934.4574 | K13: =IF(E13>=0,180-DEGREES(ASIN(-I13/J13)),IF(E13<0,DEGREES(ASIN(-I13/J13)),360-DEGREES(ASIN(I13/J13)))) -> -39.990637 | L13: =IF((K13+$L$1)<=360,K13+$L$1,K13+$L$1-360) -> 140.00936 | M13: =J13*COS(RADIANS(L13)) -> -715.93405 | N13: =J13*SIN(RADIANS(L13)) -> 600.54065 | O13: =SQRT(N13^2+M13^2) -> 934.4574 | P13: =M13 -> -715.93405 | Q13: =N13 -> 600.54065 | R13: =SQRT(P13^2+Q13^2) -> 934.4574 | S13: =IF(R13=0,0,IF(P13>=0,DEGREES(ASIN(Q13/R13)),(180-DEGREES(ASIN(Q13/R13))))) -> 140.00936 | T13: =IF(S13<0,360+S13,S13) -> 140.00936
A14: 5.5 | B14: -2168.3 | C14: -3645.9 | D14: =(B14-C14)/2 -> 738.8 | E14: =0.5*SIN(D14/3600*PI()/180)*1000+E15 -> -715.8337 | F14: -647.6 | G14: 1688.3 | H14: =(F14-G14)/2 -> -1167.95 | I14: =0.5*SIN(H14/3600*PI()/180)*1000+I15 -> 601.43937 | J14: =SQRT(E14^2+I14^2) -> 934.9584 | K14: =IF(E14>=0,180-DEGREES(ASIN(-I14/J14)),IF(E14<0,DEGREES(ASIN(-I14/J14)),360-DEGREES(ASIN(I14/J14)))) -> -40.036785 | L14: =IF((K14+$L$1)<=360,K14+$L$1,K14+$L$1-360) -> 139.96322 | M14: =J14*COS(RADIANS(L14)) -> -715.8337 | N14: =J14*SIN(RADIANS(L14)) -> 601.43937 | O14: =SQRT(N14^2+M14^2) -> 934.9584 | P14: =M14 -> -715.8337 | Q14: =N14 -> 601.43937 | R14: =SQRT(P14^2+Q14^2) -> 934.9584 | S14: =IF(R14=0,0,IF(P14>=0,DEGREES(ASIN(Q14/R14)),(180-DEGREES(ASIN(Q14/R14))))) -> 139.96322 | T14: =IF(S14<0,360+S14,S14) -> 139.96322
... A121: 59 | B121: 695.3 | C121: 11079.3 | D121: =(B121-C121)/2 -> -5192 | E121: =0.5*SIN(D121/3600*PI()/180)*1000+E122 -> -26.071042 | F121: -3562.2 | G121: -13073.4 | H121: =(F121-G121)/2 -> 4755.6 | I121: =0.5*SIN(H121/3600*PI()/180)*1000+I122 -> 23.995721 | J121: =SQRT(E121^2+I121^2) -> 35.432949 | K121: =IF(E121>=0,180-DEGREES(ASIN(-I121/J121)),IF(E121<0,DEGREES(ASIN(-I121/J121)),360-DEGREES(ASIN(I121/J121)))) -> -42.626387 | L121: =IF((K121+$L$1)<=360,K121+$L$1,K121+$L$1-360) -> 137.37361 | M121: =J121*COS(RADIANS(L121)) -> -26.071042 | N121: =J121*SIN(RADIANS(L121)) -> 23.995721 | O121: =SQRT(N121^2+M121^2) -> 35.432949 | P121: =M121 -> -26.071042 | Q121: =N121 -> 23.995721 | R121: =SQRT(P121^2+Q121^2) -> 35.432949 | S121: =IF(R121=0,0,IF(P121>=0,DEGREES(ASIN(Q121/R121)),(180-DEGREES(ASIN(Q121/R121))))) -> 137.37361 | T121: =IF(S121<0,360+S121,S121) -> 137.37361
A122: 59.5 | B122: 563.5 | C122: 11193.1 | D122: =(B122-C122)/2 -> -5314.8 | E122: =0.5*SIN(D123/3600*PI()/180)*1000+E123 -> -13.486608 | F122: -3385.2 | G122: -13136.6 | H122: =(F122-G122)/2 -> 4875.7 | I122: =0.5*SIN(H123/3600*PI()/180)*1000+I123 -> 12.468842 | J122: =SQRT(E122^2+I122^2) -> 18.367379 | K122: =IF(E122>=0,180-DEGREES(ASIN(-I122/J122)),IF(E122<0,DEGREES(ASIN(-I122/J122)),360-DEGREES(ASIN(I122/J122)))) -> -42.754467 | L122: =IF((K122+$L$1)<=360,K122+$L$1,K122+$L$1-360) -> 137.24553 | M122: =J122*COS(RADIANS(L122)) -> -13.486608 | N122: =J122*SIN(RADIANS(L122)) -> 12.468842 | O122: =SQRT(N122^2+M122^2) -> 18.367379 | P122: =M122 -> -13.486608 | Q122: =N122 -> 12.468842 | R122: =SQRT(P122^2+Q122^2) -> 18.367379 | S122: =IF(R122=0,0,IF(P122>=0,DEGREES(ASIN(Q122/R122)),(180-DEGREES(ASIN(Q122/R122))))) -> 137.24553 | T122: =IF(S122<0,360+S122,S122) -> 137.24553
A123: 60 | B123: 431.7 | C123: 11560.3 | D123: =(B123-C123)/2 -> -5564.3 | E123: 0 | F123: -3223.5 | G123: -13512.1 | H123: =(F123-G123)/2 -> 5144.3 | I123: 0 | J123: =SQRT(E123^2+I123^2) -> 0 | K123: =IF(E123>=0,180-DEGREES(ASIN(-I123/J123)),IF(E123<0,DEGREES(ASIN(-I123/J123)),360-DEGREES(ASIN(I123/J123)))) -> #DIV/0! | L123: =IF((K123+$L$1)<=360,K123+$L$1,K123+$L$1-360) -> #DIV/0! | M123: =J123*COS(RADIANS(L123)) -> #DIV/0! | N123: =J123*SIN(RADIANS(L123)) -> #DIV/0! | O123: =SQRT(N123^2+M123^2) -> #DIV/0! | P123: =M123 -> #DIV/0! | Q123: =N123 -> #DIV/0! | R123: =SQRT(P123^2+Q123^2) -> #DIV/0! | S123: =IF(R123=0,0,IF(P123>=0,DEGREES(ASIN(Q123/R123)),(180-DEGREES(ASIN(Q123/R123))))) -> #DIV/0! | T123: =IF(S123<0,360+S123,S123) -> #DIV/0!

Sheet 21.10.24
B1: Цикл 1 (21.10.24) | K1: Аз скв | L1: 180
A2: Глубина | B2: X1 | C2: X2 | D2: X абсолютное (угл. Сек) | E2: Горизонтальное отклонение скважины от вертикали по оси X, (мм) | F2: Y1 | G2: Y2 | H2: Y абсолютное (угл. Сек) | I2: Горизонтальное отклонение скважины от вертикали по оси Y, (мм) | J2: Горизонтальное отклонение скважины от вертикали результирующее (мм) | K2: Азимут (в системе координат скважины) | L2: Азимут, абсолютный | M2: D сев | N2: D восток | O2: Dрез | P2: ΔD сев | Q2: ΔD восток | R2: ΔD | T2: Аз откл
A3: 0 | B3: -3344.9 | C3: -5497.5 | D3: =(B3-C3)/2 -> 1076.3 | E3: =0.5*SIN(D3/3600*PI()/180)*1000+E4 -> -715.0092 | F3: 804 | G3: 3778.5 | H3: =(F3-G3)/2 -> -1487.25 | I3: =0.5*SIN(H3/3600*PI()/180)*1000+I4 -> 624.14735 | J3: =SQRT(E3^2+I3^2) -> 949.10382 | K3: =IF(E3>=0,180-DEGREES(ASIN(-I3/J3)),IF(E3<0,DEGREES(ASIN(-I3/J3)),360-DEGREES(ASIN(I3/J3)))) -> -41.118427 | L3: =IF((K3+$L$1)<=360,K3+$L$1,K3+$L$1-360) -> 138.88157 | M3: =J3*COS(RADIANS(L3)) -> -715.0092 | N3: =J3*SIN(RADIANS(L3)) -> 624.14735 | O3: =SQRT(N3^2+M3^2) -> 949.10382 | P3: =M3-'"0" цикл 24.06'!M3 -> -2.4653862 | Q3: =N3-'"0" цикл 24.06'!N3 -> 37.445946 | R3: =SQRT(P3^2+Q3^2) -> 37.527017 | S3: =IF(R3=0,0,IF(P3>=0,DEGREES(ASIN(Q3/R3)),(180-DEGREES(ASIN(Q3/R3))))) -> 93.766834 | T3: =IF(S3<0,360+S3,S3) -> 93.766834
A4: 0.5 | B4: -2776 | C4: -7311 | D4: =(B4-C4)/2 -> 2267.5 | E4: =0.5*SIN(D4/3600*PI()/180)*1000+E5 -> -717.61821 | F4: 387.7 | G4: 5549.9 | H4: =(F4-G4)/2 -> -2581.1 | I4: =0.5*SIN(H4/3600*PI()/180)*1000+I5 -> 627.75251 | J4: =SQRT(E4^2+I4^2) -> 953.44067 | K4: =IF(E4>=0,180-DEGREES(ASIN(-I4/J4)),IF(E4<0,DEGREES(ASIN(-I4/J4)),360-DEGREES(ASIN(I4/J4)))) -> -41.178534 | L4: =IF((K4+$L$1)<=360,K4+$L$1,K4+$L$1-360) -> 138.82147 | M4: =J4*COS(RADIANS(L4)) -> -717.61821 | N4: =J4*SIN(RADIANS(L4)) -> 627.75251 | O4: =SQRT(N4^2+M4^2) -> 953.44067 | P4: =M4-'"0" цикл 24.06'!M4 -> -0.59429592 | Q4: =N4-'"0" цикл 24.06'!N4 -> 35.531498 | R4: =SQRT(P4^2+Q4^2) -> 35.536468 | S4: =IF(R4=0,0,IF(P4>=0,DEGREES(ASIN(Q4/R4)),(180-DEGREES(ASIN(Q4/R4))))) -> 90.958234 | T4: =IF(S4<0,360+S4,S4) -> 90.958234
A5: 1 | B5: -2687.8 | C5: -7179.6 | D5: =(B5-C5)/2 -> 2245.9 | E5: =0.5*SIN(D5/3600*PI()/180)*1000+E6 -> -723.11467 | F5: 291.7 | G5: 5267.6 | H5: =(F5-G5)/2 -> -2487.95 | I5: =0.5*SIN(H5/3600*PI()/180)*1000+I6 -> 634.00911 | J5: =SQRT(E5^2+I5^2) -> 961.69766 | K5: =IF(E5>=0,180-DEGREES(ASIN(-I5/J5)),IF(E5<0,DEGREES(ASIN(-I5/J5)),360-DEGREES(ASIN(I5/J5)))) -> -41.243485 | L5: =IF((K5+$L$1)<=360,K5+$L$1,K5+$L$1-360) -> 138.75651 | M5: =J5*COS(RADIANS(L5)) -> -723.11467 | N5: =J5*SIN(RADIANS(L5)) -> 634.00911 | O5: =SQRT(N5^2+M5^2) -> 961.69766 | P5: =M5-'"0" цикл 24.06'!M5 -> 0.5354791 | Q5: =N5-'"0" цикл 24.06'!N5 -> 34.322244 | R5: =SQRT(P5^2+Q5^2) -> 34.326421 | S5: =IF(R5=0,0,IF(P5>=0,DEGREES(ASIN(Q5/R5)),(180-DEGREES(ASIN(Q5/R5))))) -> 89.106171 | T5: =IF(S5<0,360+S5,S5) -> 89.106171
A6: 1.5 | B6: -4136.7 | C6: -6995.5 | D6: =(B6-C6)/2 -> 1429.4 | E6: =0.5*SIN(D6/3600*PI()/180)*1000+E7 -> -728.55878 | F6: 1763.9 | G6: 5104.4 | H6: =(F6-G6)/2 -> -1670.25 | I6: =0.5*SIN(H6/3600*PI()/180)*1000+I7 -> 640.03993 | J6: =SQRT(E6^2+I6^2) -> 969.7675 | K6: =IF(E6>=0,180-DEGREES(ASIN(-I6/J6)),IF(E6<0,DEGREES(ASIN(-I6/J6)),360-DEGREES(ASIN(I6/J6)))) -> -41.299352 | L6: =IF((K6+$L$1)<=360,K6+$L$1,K6+$L$1-360) -> 138.70065 | M6: =J6*COS(RADIANS(L6)) -> -728.55878 | N6: =J6*SIN(RADIANS(L6)) -> 640.03993 | O6: =SQRT(N6^2+M6^2) -> 969.7675 | P6: =M6-'"0" цикл 24.06'!M6 -> -0.31956789 | Q6: =N6-'"0" цикл 24.06'!N6 -> 34.549 | R6: =SQRT(P6^2+Q6^2) -> 34.550478 | S6: =IF(R6=0,0,IF(P6>=0,DEGREES(ASIN(Q6/R6)),(180-DEGREES(ASIN(Q6/R6))))) -> 90.529954 | T6: =IF(S6<0,360+S6,S6) -> 90.529954
A7: 2 | B7: -5111.1 | C7: -6225.3 | D7: =(B7-C7)/2 -> 557.1 | E7: =0.5*SIN(D7/3600*PI()/180)*1000+E8 -> -732.02372 | F7: 2687.4 | G7: 4287.7 | H7: =(F7-G7)/2 -> -800.15 | I7: =0.5*SIN(H7/3600*PI()/180)*1000+I8 -> 644.08868 | J7: =SQRT(E7^2+I7^2) -> 975.04305 | K7: =IF(E7>=0,180-DEGREES(ASIN(-I7/J7)),IF(E7<0,DEGREES(ASIN(-I7/J7)),360-DEGREES(ASIN(I7/J7)))) -> -41.34371 | L7: =IF((K7+$L$1)<=360,K7+$L$1,K7+$L$1-360) -> 138.65629 | M7: =J7*COS(RADIANS(L7)) -> -732.02372 | N7: =J7*SIN(RADIANS(L7)) -> 644.08868 | O7: =SQRT(N7^2+M7^2) -> 975.04305 | P7: =M7-'"0" цикл 24.06'!M7 -> -1.5394601 | Q7: =N7-'"0" цикл 24.06'!N7 -> 35.33462 | R7: =SQRT(P7^2+Q7^2) -> 35.368139 | S7: =IF(R7=0,0,IF(P7>=0,DEGREES(ASIN(Q7/R7)),(180-DEGREES(ASIN(Q7/R7))))) -> 92.494687 | T7: =IF(S7<0,360+S7,S7) -> 92.494687
A8: 2.5 | B8: -5815.6 | C8: -5284.1 | D8: =(B8-C8)/2 -> -265.75 | E8: =0.5*SIN(D8/3600*PI()/180)*1000+E9 -> -733.37416 | F8: 3377.6 | G8: 3299.9 | H8: =(F8-G8)/2 -> 38.85 | I8: =0.5*SIN(H8/3600*PI()/180)*1000+I9 -> 646.0283 | J8: =SQRT(E8^2+I8^2) -> 977.33834 | K8: =IF(E8>=0,180-DEGREES(ASIN(-I8/J8)),IF(E8<0,DEGREES(ASIN(-I8/J8)),360-DEGREES(ASIN(I8/J8)))) -> -41.376781 | L8: =IF((K8+$L$1)<=360,K8+$L$1,K8+$L$1-360) -> 138.62322 | M8: =J8*COS(RADIANS(L8)) -> -733.37416 | N8: =J8*SIN(RADIANS(L8)) -> 646.0283 | O8: =SQRT(N8^2+M8^2) -> 977.33834 | P8: =M8-'"0" цикл 24.06'!M8 -> -2.1407489 | Q8: =N8-'"0" цикл 24.06'!N8 -> 35.371344 | R8: =SQRT(P8^2+Q8^2) -> 35.436066 | S8: =IF(R8=0,0,IF(P8>=0,DEGREES(ASIN(Q8/R8)),(180-DEGREES(ASIN(Q8/R8))))) -> 93.463438 | T8: =IF(S8<0,360+S8,S8) -> 93.463438
A9: 3 | B9: -6633.7 | C9: -4219.2 | D9: =(B9-C9)/2 -> -1207.25 | E9: =0.5*SIN(D9/3600*PI()/180)*1000+E10 -> -732.72997 | F9: 4214.3 | G9: 2286.3 | H9: =(F9-G9)/2 -> 964 | I9: =0.5*SIN(H9/3600*PI()/180)*1000+I10 -> 645.93412 | J9: =SQRT(E9^2+I9^2) -> 976.79276 | K9: =IF(E9>=0,180-DEGREES(ASIN(-I9/J9)),IF(E9<0,DEGREES(ASIN(-I9/J9)),360-DEGREES(ASIN(I9/J9)))) -> -41.397613 | L9: =IF((K9+$L$1)<=360,K9+$L$1,K9+$L$1-360) -> 138.60239 | M9: =J9*COS(RADIANS(L9)) -> -732.72997 | N9: =J9*SIN(RADIANS(L9)) -> 645.93412 | O9: =SQRT(N9^2+M9^2) -> 976.79276 | P9: =M9-'"0" цикл 24.06'!M9 -> -2.4446055 | Q9: =N9-'"0" цикл 24.06'!N9 -> 35.082395 | R9: =SQRT(P9^2+Q9^2) -> 35.167464 | S9: =IF(R9=0,0,IF(P9>=0,DEGREES(ASIN(Q9/R9)),(180-DEGREES(ASIN(Q9/R9))))) -> 93.986032 | T9: =IF(S9<0,360+S9,S9) -> 93.986032
A10: 3.5 | B10: -7190.8 | C10: -3535.7 | D10: =(B10-C10)/2 -> -1827.55 | E10: =0.5*SIN(D10/3600*PI()/180)*1000+E11 -> -729.80353 | F10: 4910.3 | G10: 1513.2 | H10: =(F10-G10)/2 -> 1698.55 | I10: =0.5*SIN(H10/3600*PI()/180)*1000+I11 -> 643.59733 | J10: =SQRT(E10^2+I10^2) -> 973.05226 | K10: =IF(E10>=0,180-DEGREES(ASIN(-I10/J10)),IF(E10<0,DEGREES(ASIN(-I10/J10)),360-DEGREES(ASIN(I10/J10)))) -> -41.408346 | L10: =IF((K10+$L$1)<=360,K10+$L$1,K10+$L$1-360) -> 138.59165 | M10: =J10*COS(RADIANS(L10)) -> -729.80353 | N10: =J10*SIN(RADIANS(L10)) -> 643.59733 | O10: =SQRT(N10^2+M10^2) -> 973.05226 | P10: =M10-'"0" цикл 24.06'!M10 -> -2.4327278 | Q10: =N10-'"0" цикл 24.06'!N10 -> 34.617584 | R10: =SQRT(P10^2+Q10^2) -> 34.702958 | S10: =IF(R10=0,0,IF(P10>=0,DEGREES(ASIN(Q10/R10)),(180-DEGREES(ASIN(Q10/R10))))) -> 94.019814 | T10: =IF(S10<0,360+S10,S10) -> 94.019814
A11: 4 | B11: -6566.5 | C11: -3298.3 | D11: =(B11-C11)/2 -> -1634.1 | E11: =0.5*SIN(D11/3600*PI()/180)*1000+E12 -> -725.37348 | F11: 4134.3 | G11: 1485 | H11: =(F11-G11)/2 -> 1324.65 | I11: =0.5*SIN(H11/3600*PI()/180)*1000+I12 -> 639.47997 | J11: =SQRT(E11^2+I11^2) -> 967.00637 | K11: =IF(E11>=0,180-DEGREES(ASIN(-I11/J11)),IF(E11<0,DEGREES(ASIN(-I11/J11)),360-DEGREES(ASIN(I11/J11)))) -> -41.398988 | L11: =IF((K11+$L$1)<=360,K11+$L$1,K11+$L$1-360) -> 138.60101 | M11: =J11*COS(RADIANS(L11)) -> -725.37348 | N11: =J11*SIN(RADIANS(L11)) -> 639.47997 | O11: =SQRT(N11^2+M11^2) -> 967.00637 | P11: =M11-'"0" цикл 24.06'!M11 -> -2.6590052 | Q11: =N11-'"0" цикл 24.06'!N11 -> 34.402455 | R11: =SQRT(P11^2+Q11^2) -> 34.505061 | S11: =IF(R11=0,0,IF(P11>=0,DEGREES(ASIN(Q11/R11)),(180-DEGREES(ASIN(Q11/R11))))) -> 94.41967 | T11: =IF(S11<0,360+S11,S11) -> 94.41967
A12: 4.5 | B12: -5502.4 | C12: -3196 | D12: =(B12-C12)/2 -> -1153.2 | E12: =0.5*SIN(D12/3600*PI()/180)*1000+E13 -> -721.41235 | F12: 3082.6 | G12: 1439.1 | H12: =(F12-G12)/2 -> 821.75 | I12: =0.5*SIN(H12/3600*PI()/180)*1000+I13 -> 636.26895 | J12: =SQRT(E12^2+I12^2) -> 961.91162 | K12: =IF(E12>=0,180-DEGREES(ASIN(-I12/J12)),IF(E12<0,DEGREES(ASIN(-I12/J12)),360-DEGREES(ASIN(I12/J12)))) -> -41.411546 | L12: =IF((K12+$L$1)<=360,K12+$L$1,K12+$L$1-360) -> 138.58845 | M12: =J12*COS(RADIANS(L12)) -> -721.41235 | N12: =J12*SIN(RADIANS(L12)) -> 636.26895 | O12: =SQRT(N12^2+M12^2) -> 961.91162 | P12: =M12-'"0" цикл 24.06'!M12 -> -2.9073427 | Q12: =N12-'"0" цикл 24.06'!N12 -> 34.173627 | R12: =SQRT(P12^2+Q12^2) -> 34.297076 | S12: =IF(R12=0,0,IF(P12>=0,DEGREES(ASIN(Q12/R12)),(180-DEGREES(ASIN(Q12/R12))))) -> 94.862765 | T12: =IF(S12<0,360+S12,S12) -> 94.862765
A13: 5 | B13: -3904.2 | C13: -3479.1 | D13: =(B13-C13)/2 -> -212.55 | E13: =0.5*SIN(D13/3600*PI()/180)*1000+E14 -> -718.61693 | F13: 1543 | G13: 1729.4 | H13: =(F13-G13)/2 -> -93.2 | I13: =0.5*SIN(H13/3600*PI()/180)*1000+I14 -> 634.27698 | J13: =SQRT(E13^2+I13^2) -> 958.49756 | K13: =IF(E13>=0,180-DEGREES(ASIN(-I13/J13)),IF(E13<0,DEGREES(ASIN(-I13/J13)),360-DEGREES(ASIN(I13/J13)))) -> -41.432774 | L13: =IF((K13+$L$1)<=360,K13+$L$1,K13+$L$1-360) -> 138.56723 | M13: =J13*COS(RADIANS(L13)) -> -718.61693 | N13: =J13*SIN(RADIANS(L13)) -> 634.27698 | O13: =SQRT(N13^2+M13^2) -> 958.49756 | P13: =M13-'"0" цикл 24.06'!M13 -> -2.6828772 | Q13: =N13-'"0" цикл 24.06'!N13 -> 33.736328 | R13: =SQRT(P13^2+Q13^2) -> 33.842838 | S13: =IF(R13=0,0,IF(P13>=0,DEGREES(ASIN(Q13/R13)),(180-DEGREES(ASIN(Q13/R13))))) -> 94.546871 | T13: =IF(S13<0,360+S13,S13) -> 94.546871
A14: 5.5 | B14: -2365.5 | C14: -3469.2 | D14: =(B14-C14)/2 -> 551.85 | E14: =0.5*SIN(D14/3600*PI()/180)*1000+E15 -> -718.10169 | F14: -27.3 | G14: 1759.1 | H14: =(F14-G14)/2 -> -893.2 | I14: =0.5*SIN(H14/3600*PI()/180)*1000+I15 -> 634.5029 | J14: =SQRT(E14^2+I14^2) -> 958.26091 | K14: =IF(E14>=0,180-DEGREES(ASIN(-I14/J14)),IF(E14<0,DEGREES(ASIN(-I14/J14)),360-DEGREES(ASIN(I14/J14)))) -> -41.463288 | L14: =IF((K14+$L$1)<=360,K14+$L$1,K14+$L$1-360) -> 138.53671 | M14: =J14*COS(RADIANS(L14)) -> -718.10169 | N14: =J14*SIN(RADIANS(L14)) -> 634.5029 | O14: =SQRT(N14^2+M14^2) -> 958.26091 | P14: =M14-'"0" цикл 24.06'!M14 -> -2.267998 | Q14: =N14-'"0" цикл 24.06'!N14 -> 33.063528 | R14: =SQRT(P14^2+Q14^2) -> 33.141224 | S14: =IF(R14=0,0,IF(P14>=0,DEGREES(ASIN(Q14/R14)),(180-DEGREES(ASIN(Q14/R14))))) -> 93.924066 | T14: =IF(S14<0,360+S14,S14) -> 93.924066
... A124: 60.5 | B124: -407.5 | C124: 11666.5 | D124: =(B124-C124)/2 -> -6037 | E124: =0.5*SIN(D124/3600*PI()/180)*1000+E125 -> -14.632012 | F124: -4020.9 | G124: -13408.3 | H124: =(F124-G124)/2 -> 4693.7 | I124: =0.5*SIN(H124/3600*PI()/180)*1000+I125 -> 11.376868 | J124: =SQRT(E124^2+I124^2) -> 18.534532 | K124: =IF(E124>=0,180-DEGREES(ASIN(-I124/J124)),IF(E124<0,DEGREES(ASIN(-I124/J124)),360-DEGREES(ASIN(I124/J124)))) -> -37.866234 | L124: =IF((K124+$L$1)<=360,K124+$L$1,K124+$L$1-360) -> 142.13377 | M124: =J124*COS(RADIANS(L124)) -> -14.632012 | N124: =J124*SIN(RADIANS(L124)) -> 11.376868 | O124: =SQRT(N124^2+M124^2) -> 18.534532 | P124: =M124-'"0" цикл 24.06'!M124 -> -14.632012 | Q124: =N124-'"0" цикл 24.06'!N124 -> 11.376868 | R124: =SQRT(P124^2+Q124^2) -> 18.534532 | S124: =IF(R124=0,0,IF(P124>=0,DEGREES(ASIN(Q124/R124)),(180-DEGREES(ASIN(Q124/R124))))) -> 142.13377 | T124: =IF(S124<0,360+S124,S124) -> 142.13377
A125: 61 | D125: =(B125-C125)/2 -> 0 | E125: 0 | H125: =(F125-G125)/2 -> 0 | I125: 0 | J125: =SQRT(E125^2+I125^2) -> 0 | K125: 0 | L125: 0 | M125: =J125*COS(RADIANS(L125)) -> 0 | N125: =J125*SIN(RADIANS(L125)) -> 0 | O125: =SQRT(N125^2+M125^2) -> 0 | P125: =N125 -> 0 | Q125: =SQRT(O125^2+P125^2) -> 0 | R125: =IF(Q125=0,0,IF(O125>=0,DEGREES(ASIN(P125/Q125)),(180-DEGREES(ASIN(P125/Q125))))) -> 0 | S125: =IF(R125<0,360+R125,R125) -> 0 | T125: =IF(S125<0,360+S125,S125) -> 0

Sheet 2
B1: Цикл 2 (01.03.24) | K1: Аз скв | L1: 180
A2: Глубина | B2: X1 | C2: X2 | D2: X абсолютное (угл. Сек) | E2: Перемещение по X, (мм), 01.03.24 | F2: Y1 | G2: Y2 | H2: Y абсолютное (угл. Сек) | I2: Перемещение по Y, (мм), 15.03.24 | J2: Суммарное перемещение, мм | K2: Азимут (в системе координат скважины) | L2: Азимут, абсолютный | M2: D сев | N2: D восток | O2: ΔD сев | P2: ΔD восток | Q2: ΔD | S2: Аз откл
A3: -0.5 | B3: -3764 | C3: 163 | D3: =(B3-C3)/2 -> -1963.5 | E3: =0.5*SIN(D3/3600*PI()/180)*1000+E4 -> -200.38156 | F3: -3702 | G3: 228 | H3: =(F3-G3)/2 -> -1965 | I3: =0.5*SIN(H3/3600*PI()/180)*1000+I4 -> -202.1838 | J3: =SQRT(E3^2+I3^2) -> 284.65954 | K3: =IF(E3>=0,180-DEGREES(ASIN(-I3/J3)),IF(E3<0,DEGREES(ASIN(-I3/J3)),360-DEGREES(ASIN(I3/J3)))) -> 45.256505 | L3: =IF((K3+$L$1)<=360,K3+$L$1,K3+$L$1-360) -> 225.25651 | M3: =J3*COS(RADIANS(L3)) -> -200.38156 | N3: =J3*SIN(RADIANS(L3)) -> -202.1838 | O3: =M3-'"0" цикл 24.06'!#REF! -> #REF! | P3: =N3-'"0" цикл 24.06'!#REF! -> #REF! | Q3: =SQRT(O3^2+P3^2) -> #REF! | R3: =IF(Q3=0,0,IF(O3>=0,DEGREES(ASIN(P3/Q3)),(180-DEGREES(ASIN(P3/Q3))))) -> #REF! | S3: =IF(R3<0,360+R3,R3) -> #REF!
A4: 0 | B4: -3132 | C4: -482 | D4: =(B4-C4)/2 -> -1325 | E4: =0.5*SIN(D4/3600*PI()/180)*1000+E5 -> -195.62197 | F4: -3010 | G4: -428 | H4: =(F4-G4)/2 -> -1291 | I4: =0.5*SIN(H4/3600*PI()/180)*1000+I5 -> -197.42057 | J4: =SQRT(E4^2+I4^2) -> 277.92596 | K4: =IF(E4>=0,180-DEGREES(ASIN(-I4/J4)),IF(E4<0,DEGREES(ASIN(-I4/J4)),360-DEGREES(ASIN(I4/J4)))) -> 45.26219 | L4: =IF((K4+$L$1)<=360,K4+$L$1,K4+$L$1-360) -> 225.26219 | M4: =J4*COS(RADIANS(L4)) -> -195.62197 | N4: =J4*SIN(RADIANS(L4)) -> -197.42057 | O4: =M4-'"0" цикл 24.06'!M3 -> 516.92184 | P4: =N4-'"0" цикл 24.06'!N3 -> -784.12197 | Q4: =SQRT(O4^2+P4^2) -> 939.17808 | R4: =IF(Q4=0,0,IF(O4>=0,DEGREES(ASIN(P4/Q4)),(180-DEGREES(ASIN(P4/Q4))))) -> -56.605671 | S4: =IF(R4<0,360+R4,R4) -> 303.39433
A5: 0.5 | B5: -2392 | C5: -1218 | D5: =(B5-C5)/2 -> -587 | E5: =0.5*SIN(D5/3600*PI()/180)*1000+E6 -> -192.4101 | F5: -2302 | G5: -1171 | H5: =(F5-G5)/2 -> -565.5 | I5: =0.5*SIN(H5/3600*PI()/180)*1000+I6 -> -194.29112 | J5: =SQRT(E5^2+I5^2) -> 273.44229 | K5: =IF(E5>=0,180-DEGREES(ASIN(-I5/J5)),IF(E5<0,DEGREES(ASIN(-I5/J5)),360-DEGREES(ASIN(I5/J5)))) -> 45.2787 | L5: =IF((K5+$L$1)<=360,K5+$L$1,K5+$L$1-360) -> 225.2787 | M5: =J5*COS(RADIANS(L5)) -> -192.4101 | N5: =J5*SIN(RADIANS(L5)) -> -194.29112 | O5: =M5-'"0" цикл 24.06'!M4 -> 524.61381 | P5: =N5-'"0" цикл 24.06'!N4 -> -786.51214 | Q5: =SQRT(O5^2+P5^2) -> 945.42107 | R5: =IF(Q5=0,0,IF(O5>=0,DEGREES(ASIN(P5/Q5)),(180-DEGREES(ASIN(P5/Q5))))) -> -56.296197 | S5: =IF(R5<0,360+R5,R5) -> 303.7038
A6: 1 | B6: -2936 | C6: -637 | D6: =(B6-C6)/2 -> -1149.5 | E6: =0.5*SIN(D6/3600*PI()/180)*1000+E7 -> -190.98717 | F6: -2912 | G6: -547 | H6: =(F6-G6)/2 -> -1182.5 | I6: =0.5*SIN(H6/3600*PI()/180)*1000+I7 -> -192.92031 | J6: =SQRT(E6^2+I6^2) -> 271.46703 | K6: =IF(E6>=0,180-DEGREES(ASIN(-I6/J6)),IF(E6<0,DEGREES(ASIN(-I6/J6)),360-DEGREES(ASIN(I6/J6)))) -> 45.288506 | L6: =IF((K6+$L$1)<=360,K6+$L$1,K6+$L$1-360) -> 225.28851 | M6: =J6*COS(RADIANS(L6)) -> -190.98717 | N6: =J6*SIN(RADIANS(L6)) -> -192.92031 | O6: =M6-'"0" цикл 24.06'!M5 -> 532.66298 | P6: =N6-'"0" цикл 24.06'!N5 -> -792.60718 | Q6: =SQRT(O6^2+P6^2) -> 954.96387 | R6: =IF(Q6=0,0,IF(O6>=0,DEGREES(ASIN(P6/Q6)),(180-DEGREES(ASIN(P6/Q6))))) -> -56.097358 | S6: =IF(R6<0,360+R6,R6) -> 303.90264
A7: 1.5 | B7: -3302 | C7: -308 | D7: =(B7-C7)/2 -> -1497 | E7: =0.5*SIN(D7/3600*PI()/180)*1000+E8 -> -188.20072 | F7: -3200 | G7: -222 | H7: =(F7-G7)/2 -> -1489 | I7: =0.5*SIN(H7/3600*PI()/180)*1000+I8 -> -190.05387 | J7: =SQRT(E7^2+I7^2) -> 267.4696 | K7: =IF(E7>=0,180-DEGREES(ASIN(-I7/J7)),IF(E7<0,DEGREES(ASIN(-I7/J7)),360-DEGREES(ASIN(I7/J7)))) -> 45.280701 | L7: =IF((K7+$L$1)<=360,K7+$L$1,K7+$L$1-360) -> 225.2807 | M7: =J7*COS(RADIANS(L7)) -> -188.20072 | N7: =J7*SIN(RADIANS(L7)) -> -190.05387 | O7: =M7-'"0" цикл 24.06'!M6 -> 540.03849 | P7: =N7-'"0" цикл 24.06'!N6 -> -795.54479 | Q7: =SQRT(O7^2+P7^2) -> 961.52644 | R7: =IF(Q7=0,0,IF(O7>=0,DEGREES(ASIN(P7/Q7)),(180-DEGREES(ASIN(P7/Q7))))) -> -55.830221 | S7: =IF(R7<0,360+R7,R7) -> 304.16978
A8: 2 | B8: -3018 | C8: -669 | D8: =(B8-C8)/2 -> -1174.5 | E8: =0.5*SIN(D8/3600*PI()/180)*1000+E9 -> -184.57192 | F8: -2928 | G8: -615 | H8: =(F8-G8)/2 -> -1156.5 | I8: =0.5*SIN(H8/3600*PI()/180)*1000+I9 -> -186.44446 | J8: =SQRT(E8^2+I8^2) -> 262.35154 | K8: =IF(E8>=0,180-DEGREES(ASIN(-I8/J8)),IF(E8<0,DEGREES(ASIN(-I8/J8)),360-DEGREES(ASIN(I8/J8)))) -> 45.289172 | L8: =IF((K8+$L$1)<=360,K8+$L$1,K8+$L$1-360) -> 225.28917 | M8: =J8*COS(RADIANS(L8)) -> -184.57192 | N8: =J8*SIN(RADIANS(L8)) -> -186.44446 | O8: =M8-'"0" цикл 24.06'!M7 -> 545.91233 | P8: =N8-'"0" цикл 24.06'!N7 -> -795.19852 | Q8: =SQRT(O8^2+P8^2) -> 964.55221 | R8: =IF(Q8=0,0,IF(O8>=0,DEGREES(ASIN(P8/Q8)),(180-DEGREES(ASIN(P8/Q8))))) -> -55.529983 | S8: =IF(R8<0,360+R8,R8) -> 304.47002
A9: 2.5 | B9: -3583 | C9: 91 | D9: =(B9-C9)/2 -> -1837 | E9: =0.5*SIN(D9/3600*PI()/180)*1000+E10 -> -181.72487 | F9: -3558 | G9: 171 | H9: =(F9-G9)/2 -> -1864.5 | I9: =0.5*SIN(H9/3600*PI()/180)*1000+I10 -> -183.64104 | J9: =SQRT(E9^2+I9^2) -> 258.35627 | K9: =IF(E9>=0,180-DEGREES(ASIN(-I9/J9)),IF(E9<0,DEGREES(ASIN(-I9/J9)),360-DEGREES(ASIN(I9/J9)))) -> 45.300486 | L9: =IF((K9+$L$1)<=360,K9+$L$1,K9+$L$1-360) -> 225.30049 | M9: =J9*COS(RADIANS(L9)) -> -181.72487 | N9: =J9*SIN(RADIANS(L9)) -> -183.64104 | O9: =M9-'"0" цикл 24.06'!M8 -> 549.50854 | P9: =N9-'"0" цикл 24.06'!N8 -> -794.29799 | Q9: =SQRT(O9^2+P9^2) -> 965.85141 | R9: =IF(Q9=0,0,IF(O9>=0,DEGREES(ASIN(P9/Q9)),(180-DEGREES(ASIN(P9/Q9))))) -> -55.323871 | S9: =IF(R9<0,360+R9,R9) -> 304.67613
A10: 3 | B10: -3849 | C10: 267 | D10: =(B10-C10)/2 -> -2058 | E10: =0.5*SIN(D10/3600*PI()/180)*1000+E11 -> -177.27192 | F10: -3765 | G10: 350 | H10: =(F10-G10)/2 -> -2057.5 | I10: =0.5*SIN(H10/3600*PI()/180)*1000+I11 -> -179.12143 | J10: =SQRT(E10^2+I10^2) -> 252.01154 | K10: =IF(E10>=0,180-DEGREES(ASIN(-I10/J10)),IF(E10<0,DEGREES(ASIN(-I10/J10)),360-DEGREES(ASIN(I10/J10)))) -> 45.297335 | L10: =IF((K10+$L$1)<=360,K10+$L$1,K10+$L$1-360) -> 225.29733 | M10: =J10*COS(RADIANS(L10)) -> -177.27192 | N10: =J10*SIN(RADIANS(L10)) -> -179.12143 | O10: =M10-'"0" цикл 24.06'!M9 -> 553.01345 | P10: =N10-'"0" цикл 24.06'!N9 -> -789.97315 | Q10: =SQRT(O10^2+P10^2) -> 964.30361 | R10: =IF(Q10=0,0,IF(O10>=0,DEGREES(ASIN(P10/Q10)),(180-DEGREES(ASIN(P10/Q10))))) -> -55.00641 | S10: =IF(R10<0,360+R10,R10) -> 304.99359
A11: 3.5 | B11: -3933 | C11: 340 | D11: =(B11-C11)/2 -> -2136.5 | E11: =0.5*SIN(D11/3600*PI()/180)*1000+E12 -> -172.28327 | F11: -4262 | G11: 374 | H11: =(F11-G11)/2 -> -2318 | I11: =0.5*SIN(H11/3600*PI()/180)*1000+I12 -> -174.13399 | J11: =SQRT(E11^2+I11^2) -> 244.95749 | K11: =IF(E11>=0,180-DEGREES(ASIN(-I11/J11)),IF(E11<0,DEGREES(ASIN(-I11/J11)),360-DEGREES(ASIN(I11/J11)))) -> 45.306098 | L11: =IF((K11+$L$1)<=360,K11+$L$1,K11+$L$1-360) -> 225.3061 | M11: =J11*COS(RADIANS(L11)) -> -172.28327 | N11: =J11*SIN(RADIANS(L11)) -> -174.13399 | O11: =M11-'"0" цикл 24.06'!M10 -> 555.08753 | P11: =N11-'"0" цикл 24.06'!N10 -> -783.11373 | Q11: =SQRT(O11^2+P11^2) -> 959.89025 | R11: =IF(Q11=0,0,IF(O11>=0,DEGREES(ASIN(P11/Q11)),(180-DEGREES(ASIN(P11/Q11))))) -> -54.670181 | S11: =IF(R11<0,360+R11,R11) -> 305.32982
A12: 4 | B12: -4528 | C12: 935 | D12: =(B12-C12)/2 -> -2731.5 | E12: =0.5*SIN(D12/3600*PI()/180)*1000+E13 -> -167.10434 | F12: -4510 | G12: 1097 | H12: =(F12-G12)/2 -> -2803.5 | I12: =0.5*SIN(H12/3600*PI()/180)*1000+I13 -> -168.51512 | J12: =SQRT(E12^2+I12^2) -> 237.32089 | K12: =IF(E12>=0,180-DEGREES(ASIN(-I12/J12)),IF(E12<0,DEGREES(ASIN(-I12/J12)),360-DEGREES(ASIN(I12/J12)))) -> 45.240842 | L12: =IF((K12+$L$1)<=360,K12+$L$1,K12+$L$1-360) -> 225.24084 | M12: =J12*COS(RADIANS(L12)) -> -167.10434 | N12: =J12*SIN(RADIANS(L12)) -> -168.51512 | O12: =M12-'"0" цикл 24.06'!M11 -> 555.61014 | P12: =N12-'"0" цикл 24.06'!N11 -> -773.59263 | Q12: =SQRT(O12^2+P12^2) -> 952.44327 | R12: =IF(Q12=0,0,IF(O12>=0,DEGREES(ASIN(P12/Q12)),(180-DEGREES(ASIN(P12/Q12))))) -> -54.313315 | S12: =IF(R12<0,360+R12,R12) -> 305.68668
A13: 4.5 | B13: -5716 | C13: 2116 | D13: =(B13-C13)/2 -> -3916 | E13: =0.5*SIN(D13/3600*PI()/180)*1000+E14 -> -160.48319 | F13: -5668 | G13: 2227 | H13: =(F13-G13)/2 -> -3947.5 | I13: =0.5*SIN(H13/3600*PI()/180)*1000+I14 -> -161.71945 | J13: =SQRT(E13^2+I13^2) -> 227.83335 | K13: =IF(E13>=0,180-DEGREES(ASIN(-I13/J13)),IF(E13<0,DEGREES(ASIN(-I13/J13)),360-DEGREES(ASIN(I13/J13)))) -> 45.219838 | L13: =IF((K13+$L$1)<=360,K13+$L$1,K13+$L$1-360) -> 225.21984 | M13: =J13*COS(RADIANS(L13)) -> -160.48319 | N13: =J13*SIN(RADIANS(L13)) -> -161.71945 | O13: =M13-'"0" цикл 24.06'!M12 -> 558.02182 | P13: =N13-'"0" цикл 24.06'!N12 -> -763.81477 | Q13: =SQRT(O13^2+P13^2) -> 945.93941 | R13: =IF(Q13=0,0,IF(O13>=0,DEGREES(ASIN(P13/Q13)),(180-DEGREES(ASIN(P13/Q13))))) -> -53.849175 | S13: =IF(R13<0,360+R13,R13) -> 306.15082
A14: 5 | B14: -7080 | C14: 3467 | D14: =(B14-C14)/2 -> -5273.5 | E14: =0.5*SIN(D14/3600*PI()/180)*1000+E15 -> -150.99111 | F14: -7005 | G14: 3515 | H14: =(F14-G14)/2 -> -5260 | I14: =0.5*SIN(H14/3600*PI()/180)*1000+I15 -> -152.15102 | J14: =SQRT(E14^2+I14^2) -> 214.35542 | K14: =IF(E14>=0,180-DEGREES(ASIN(-I14/J14)),IF(E14<0,DEGREES(ASIN(-I14/J14)),360-DEGREES(ASIN(I14/J14)))) -> 45.219231 | L14: =IF((K14+$L$1)<=360,K14+$L$1,K14+$L$1-360) -> 225.21923 | M14: =J14*COS(RADIANS(L14)) -> -150.99111 | N14: =J14*SIN(RADIANS(L14)) -> -152.15102 | O14: =M14-'"0" цикл 24.06'!M13 -> 564.94295 | P14: =N14-'"0" цикл 24.06'!N13 -> -752.69167 | Q14: =SQRT(O14^2+P14^2) -> 941.11917 | R14: =IF(Q14=0,0,IF(O14>=0,DEGREES(ASIN(P14/Q14)),(180-DEGREES(ASIN(P14/Q14))))) -> -53.109442 | S14: =IF(R14<0,360+R14,R14) -> 306.89056
A15: 5.5 | B15: -8056 | C15: 4521 | D15: =(B15-C15)/2 -> -6288.5 | E15: =0.5*SIN(D15/3600*PI()/180)*1000+E16 -> -138.20917 | F15: -8031 | G15: 4599 | H15: =(F15-G15)/2 -> -6315 | I15: =0.5*SIN(H15/3600*PI()/180)*1000+I16 -> -139.40181 | J15: =SQRT(E15^2+I15^2) -> 196.30242 | K15: =IF(E15>=0,180-DEGREES(ASIN(-I15/J15)),IF(E15<0,DEGREES(ASIN(-I15/J15)),360-DEGREES(ASIN(I15/J15)))) -> 45.246144 | L15: =IF((K15+$L$1)<=360,K15+$L$1,K15+$L$1-360) -> 225.24614 | M15: =J15*COS(RADIANS(L15)) -> -138.20917 | N15: =J15*SIN(RADIANS(L15)) -> -139.40181 | O15: =M15-'"0" цикл 24.06'!M14 -> 577.62452 | P15: =N15-'"0" цикл 24.06'!N14 -> -740.84118 | Q15: =SQRT(O15^2+P15^2) -> 939.41245 | R15: =IF(Q15=0,0,IF(O15>=0,DEGREES(ASIN(P15/Q15)),(180-DEGREES(ASIN(P15/Q15))))) -> -52.056907 | S15: =IF(R15<0,360+R15,R15) -> 307.94309
... A53: 24.5 | B53: -632 | C53: -2847 | D53: =(B53-C53)/2 -> 1107.5 | E53: =0.5*SIN(D53/3600*PI()/180)*1000+E54 -> 5.3692857 | F53: -548 | G53: -2662 | H53: =(F53-G53)/2 -> 1057 | I53: =0.5*SIN(H53/3600*PI()/180)*1000+I54 -> 5.1244582 | J53: =SQRT(E53^2+I53^2) -> 7.4222167 | K53: =IF(E53>=0,180-DEGREES(ASIN(-I53/J53)),IF(E53<0,DEGREES(ASIN(-I53/J53)),360-DEGREES(ASIN(I53/J53)))) -> 223.66349 | L53: =IF((K53+$L$1)<=360,K53+$L$1,K53+$L$1-360) -> 43.663486 | M53: =J53*COS(RADIANS(L53)) -> 5.3692857 | N53: =J53*SIN(RADIANS(L53)) -> 5.1244582 | O53: =M53-'"0" цикл 24.06'!M52 -> 703.7103 | P53: =N53-'"0" цикл 24.06'!N52 -> -618.16731 | Q53: =SQRT(O53^2+P53^2) -> 936.66377 | R53: =IF(Q53=0,0,IF(O53>=0,DEGREES(ASIN(P53/Q53)),(180-DEGREES(ASIN(P53/Q53))))) -> -41.297367 | S53: =IF(R53<0,360+R53,R53) -> 318.70263
A54: 25 | B54: -632 | C54: -2847 | D54: =(B54-C54)/2 -> 1107.5 | E54: =0.5*SIN(D54/3600*PI()/180)*1000+E55 -> 2.6846429 | F54: -548 | G54: -2662 | H54: =(F54-G54)/2 -> 1057 | I54: =0.5*SIN(H54/3600*PI()/180)*1000+I55 -> 2.5622291 | J54: =SQRT(E54^2+I54^2) -> 3.7111084 | K54: =IF(E54>=0,180-DEGREES(ASIN(-I54/J54)),IF(E54<0,DEGREES(ASIN(-I54/J54)),360-DEGREES(ASIN(I54/J54)))) -> 223.66349 | L54: 0 | M54: =J54*COS(RADIANS(L54)) -> 3.7111084 | N54: =J54*SIN(RADIANS(L54)) -> 0 | O54: =M54-'"0" цикл 24.06'!M53 -> 687.02371 | P54: =N54-'"0" цикл 24.06'!N53 -> -609.23572 | Q54: =SQRT(O54^2+P54^2) -> 918.24275 | R54: =IF(Q54=0,0,IF(O54>=0,DEGREES(ASIN(P54/Q54)),(180-DEGREES(ASIN(P54/Q54))))) -> -41.565822 | S54: =IF(R54<0,360+R54,R54) -> 318.43418

Sheet 3
B1: Цикл 3 (01.03.24) | K1: Аз скв | L1: 180
A2: Глубина | B2: X1 | C2: X2 | D2: X абсолютное (угл. Сек) | E2: Перемещение по X, (мм), 01.03.24 | F2: Y1 | G2: Y2 | H2: Y абсолютное (угл. Сек) | I2: Перемещение по Y, (мм), 15.03.24 | J2: Суммарное перемещение, мм | K2: Азимут (в системе координат скважины) | L2: Азимут, абсолютный | M2: D сев | N2: D восток | O2: ΔD сев | P2: ΔD восток | Q2: ΔD | S2: Аз откл
A3: -0.5 | B3: -3764 | C3: 163 | D3: =(B3-C3)/2 -> -1963.5 | E3: =0.5*SIN(D3/3600*PI()/180)*1000+E4 -> -200.38156 | F3: -3702 | G3: 228 | H3: =(F3-G3)/2 -> -1965 | I3: =0.5*SIN(H3/3600*PI()/180)*1000+I4 -> -202.1838 | J3: =SQRT(E3^2+I3^2) -> 284.65954 | K3: =IF(E3>=0,180-DEGREES(ASIN(-I3/J3)),IF(E3<0,DEGREES(ASIN(-I3/J3)),360-DEGREES(ASIN(I3/J3)))) -> 45.256505 | L3: =IF((K3+$L$1)<=360,K3+$L$1,K3+$L$1-360) -> 225.25651 | M3: =J3*COS(RADIANS(L3)) -> -200.38156 | N3: =J3*SIN(RADIANS(L3)) -> -202.1838 | O3: =M3-'"0" цикл 24.06'!#REF! -> #REF! | P3: =N3-'"0" цикл 24.06'!#REF! -> #REF! | Q3: =SQRT(O3^2+P3^2) -> #REF! | R3: =IF(Q3=0,0,IF(O3>=0,DEGREES(ASIN(P3/Q3)),(180-DEGREES(ASIN(P3/Q3))))) -> #REF! | S3: =IF(R3<0,360+R3,R3) -> #REF!
A4: 0 | B4: -3132 | C4: -482 | D4: =(B4-C4)/2 -> -1325 | E4: =0.5*SIN(D4/3600*PI()/180)*1000+E5 -> -195.62197 | F4: -3010 | G4: -428 | H4: =(F4-G4)/2 -> -1291 | I4: =0.5*SIN(H4/3600*PI()/180)*1000+I5 -> -197.42057 | J4: =SQRT(E4^2+I4^2) -> 277.92596 | K4: =IF(E4>=0,180-DEGREES(ASIN(-I4/J4)),IF(E4<0,DEGREES(ASIN(-I4/J4)),360-DEGREES(ASIN(I4/J4)))) -> 45.26219 | L4: =IF((K4+$L$1)<=360,K4+$L$1,K4+$L$1-360) -> 225.26219 | M4: =J4*COS(RADIANS(L4)) -> -195.62197 | N4: =J4*SIN(RADIANS(L4)) -> -197.42057 | O4: =M4-'"0" цикл 24.06'!M3 -> 516.92184 | P4: =N4-'"0" цикл 24.06'!N3 -> -784.12197 | Q4: =SQRT(O4^2+P4^2) -> 939.17808 | R4: =IF(Q4=0,0,IF(O4>=0,DEGREES(ASIN(P4/Q4)),(180-DEGREES(ASIN(P4/Q4))))) -> -56.605671 | S4: =IF(R4<0,360+R4,R4) -> 303.39433
A5: 0.5 | B5: -2392 | C5: -1218 | D5: =(B5-C5)/2 -> -587 | E5: =0.5*SIN(D5/3600*PI()/180)*1000+E6 -> -192.4101 | F5: -2302 | G5: -1171 | H5: =(F5-G5)/2 -> -565.5 | I5: =0.5*SIN(H5/3600*PI()/180)*1000+I6 -> -194.29112 | J5: =SQRT(E5^2+I5^2) -> 273.44229 | K5: =IF(E5>=0,180-DEGREES(ASIN(-I5/J5)),IF(E5<0,DEGREES(ASIN(-I5/J5)),360-DEGREES(ASIN(I5/J5)))) -> 45.2787 | L5: =IF((K5+$L$1)<=360,K5+$L$1,K5+$L$1-360) -> 225.2787 | M5: =J5*COS(RADIANS(L5)) -> -192.4101 | N5: =J5*SIN(RADIANS(L5)) -> -194.29112 | O5: =M5-'"0" цикл 24.06'!M4 -> 524.61381 | P5: =N5-'"0" цикл 24.06'!N4 -> -786.51214 | Q5: =SQRT(O5^2+P5^2) -> 945.42107 | R5: =IF(Q5=0,0,IF(O5>=0,DEGREES(ASIN(P5/Q5)),(180-DEGREES(ASIN(P5/Q5))))) -> -56.296197 | S5: =IF(R5<0,360+R5,R5) -> 303.7038
A6: 1 | B6: -2936 | C6: -637 | D6: =(B6-C6)/2 -> -1149.5 | E6: =0.5*SIN(D6/3600*PI()/180)*1000+E7 -> -190.98717 | F6: -2912 | G6: -547 | H6: =(F6-G6)/2 -> -1182.5 | I6: =0.5*SIN(H6/3600*PI()/180)*1000+I7 -> -192.92031 | J6: =SQRT(E6^2+I6^2) -> 271.46703 | K6: =IF(E6>=0,180-DEGREES(ASIN(-I6/J6)),IF(E6<0,DEGREES(ASIN(-I6/J6)),360-DEGREES(ASIN(I6/J6)))) -> 45.288506 | L6: =IF((K6+$L$1)<=360,K6+$L$1,K6+$L$1-360) -> 225.28851 | M6: =J6*COS(RADIANS(L6)) -> -190.98717 | N6: =J6*SIN(RADIANS(L6)) -> -192.92031 | O6: =M6-'"0" цикл 24.06'!M5 -> 532.66298 | P6: =N6-'"0" цикл 24.06'!N5 -> -792.60718 | Q6: =SQRT(O6^2+P6^2) -> 954.96387 | R6: =IF(Q6=0,0,IF(O6>=0,DEGREES(ASIN(P6/Q6)),(180-DEGREES(ASIN(P6/Q6))))) -> -56.097358 | S6: =IF(R6<0,360+R6,R6) -> 303.90264
A7: 1.5 | B7: -3302 | C7: -308 | D7: =(B7-C7)/2 -> -1497 | E7: =0.5*SIN(D7/3600*PI()/180)*1000+E8 -> -188.20072 | F7: -3200 | G7: -222 | H7: =(F7-G7)/2 -> -1489 | I7: =0.5*SIN(H7/3600*PI()/180)*1000+I8 -> -190.05387 | J7: =SQRT(E7^2+I7^2) -> 267.4696 | K7: =IF(E7>=0,180-DEGREES(ASIN(-I7/J7)),IF(E7<0,DEGREES(ASIN(-I7/J7)),360-DEGREES(ASIN(I7/J7)))) -> 45.280701 | L7: =IF((K7+$L$1)<=360,K7+$L$1,K7+$L$1-360) -> 225.2807 | M7: =J7*COS(RADIANS(L7)) -> -188.20072 | N7: =J7*SIN(RADIANS(L7)) -> -190.05387 | O7: =M7-'"0" цикл 24.06'!M6 -> 540.03849 | P7: =N7-'"0" цикл 24.06'!N6 -> -795.54479 | Q7: =SQRT(O7^2+P7^2) -> 961.52644 | R7: =IF(Q7=0,0,IF(O7>=0,DEGREES(ASIN(P7/Q7)),(180-DEGREES(ASIN(P7/Q7))))) -> -55.830221 | S7: =IF(R7<0,360+R7,R7) -> 304.16978
A8: 2 | B8: -3018 | C8: -669 | D8: =(B8-C8)/2 -> -1174.5 | E8: =0.5*SIN(D8/3600*PI()/180)*1000+E9 -> -184.57192 | F8: -2928 | G8: -615 | H8: =(F8-G8)/2 -> -1156.5 | I8: =0.5*SIN(H8/3600*PI()/180)*1000+I9 -> -186.44446 | J8: =SQRT(E8^2+I8^2) -> 262.35154 | K8: =IF(E8>=0,180-DEGREES(ASIN(-I8/J8)),IF(E8<0,DEGREES(ASIN(-I8/J8)),360-DEGREES(ASIN(I8/J8)))) -> 45.289172 | L8: =IF((K8+$L$1)<=360,K8+$L$1,K8+$L$1-360) -> 225.28917 | M8: =J8*COS(RADIANS(L8)) -> -184.57192 | N8: =J8*SIN(RADIANS(L8)) -> -186.44446 | O8: =M8-'"0" цикл 24.06'!M7 -> 545.91233 | P8: =N8-'"0" цикл 24.06'!N7 -> -795.19852 | Q8: =SQRT(O8^2+P8^2) -> 964.55221 | R8: =IF(Q8=0,0,IF(O8>=0,DEGREES(ASIN(P8/Q8)),(180-DEGREES(ASIN(P8/Q8))))) -> -55.529983 | S8: =IF(R8<0,360+R8,R8) -> 304.47002
A9: 2.5 | B9: -3583 | C9: 91 | D9: =(B9-C9)/2 -> -1837 | E9: =0.5*SIN(D9/3600*PI()/180)*1000+E10 -> -181.72487 | F9: -3558 | G9: 171 | H9: =(F9-G9)/2 -> -1864.5 | I9: =0.5*SIN(H9/3600*PI()/180)*1000+I10 -> -183.64104 | J9: =SQRT(E9^2+I9^2) -> 258.35627 | K9: =IF(E9>=0,180-DEGREES(ASIN(-I9/J9)),IF(E9<0,DEGREES(ASIN(-I9/J9)),360-DEGREES(ASIN(I9/J9)))) -> 45.300486 | L9: =IF((K9+$L$1)<=360,K9+$L$1,K9+$L$1-360) -> 225.30049 | M9: =J9*COS(RADIANS(L9)) -> -181.72487 | N9: =J9*SIN(RADIANS(L9)) -> -183.64104 | O9: =M9-'"0" цикл 24.06'!M8 -> 549.50854 | P9: =N9-'"0" цикл 24.06'!N8 -> -794.29799 | Q9: =SQRT(O9^2+P9^2) -> 965.85141 | R9: =IF(Q9=0,0,IF(O9>=0,DEGREES(ASIN(P9/Q9)),(180-DEGREES(ASIN(P9/Q9))))) -> -55.323871 | S9: =IF(R9<0,360+R9,R9) -> 304.67613
A10: 3 | B10: -3849 | C10: 267 | D10: =(B10-C10)/2 -> -2058 | E10: =0.5*SIN(D10/3600*PI()/180)*1000+E11 -> -177.27192 | F10: -3765 | G10: 350 | H10: =(F10-G10)/2 -> -2057.5 | I10: =0.5*SIN(H10/3600*PI()/180)*1000+I11 -> -179.12143 | J10: =SQRT(E10^2+I10^2) -> 252.01154 | K10: =IF(E10>=0,180-DEGREES(ASIN(-I10/J10)),IF(E10<0,DEGREES(ASIN(-I10/J10)),360-DEGREES(ASIN(I10/J10)))) -> 45.297335 | L10: =IF((K10+$L$1)<=360,K10+$L$1,K10+$L$1-360) -> 225.29733 | M10: =J10*COS(RADIANS(L10)) -> -177.27192 | N10: =J10*SIN(RADIANS(L10)) -> -179.12143 | O10: =M10-'"0" цикл 24.06'!M9 -> 553.01345 | P10: =N10-'"0" цикл 24.06'!N9 -> -789.97315 | Q10: =SQRT(O10^2+P10^2) -> 964.30361 | R10: =IF(Q10=0,0,IF(O10>=0,DEGREES(ASIN(P10/Q10)),(180-DEGREES(ASIN(P10/Q10))))) -> -55.00641 | S10: =IF(R10<0,360+R10,R10) -> 304.99359
A11: 3.5 | B11: -3933 | C11: 340 | D11: =(B11-C11)/2 -> -2136.5 | E11: =0.5*SIN(D11/3600*PI()/180)*1000+E12 -> -172.28327 | F11: -4262 | G11: 374 | H11: =(F11-G11)/2 -> -2318 | I11: =0.5*SIN(H11/3600*PI()/180)*1000+I12 -> -174.13399 | J11: =SQRT(E11^2+I11^2) -> 244.95749 | K11: =IF(E11>=0,180-DEGREES(ASIN(-I11/J11)),IF(E11<0,DEGREES(ASIN(-I11/J11)),360-DEGREES(ASIN(I11/J11)))) -> 45.306098 | L11: =IF((K11+$L$1)<=360,K11+$L$1,K11+$L$1-360) -> 225.3061 | M11: =J11*COS(RADIANS(L11)) -> -172.28327 | N11: =J11*SIN(RADIANS(L11)) -> -174.13399 | O11: =M11-'"0" цикл 24.06'!M10 -> 555.08753 | P11: =N11-'"0" цикл 24.06'!N10 -> -783.11373 | Q11: =SQRT(O11^2+P11^2) -> 959.89025 | R11: =IF(Q11=0,0,IF(O11>=0,DEGREES(ASIN(P11/Q11)),(180-DEGREES(ASIN(P11/Q11))))) -> -54.670181 | S11: =IF(R11<0,360+R11,R11) -> 305.32982
A12: 4 | B12: -4528 | C12: 935 | D12: =(B12-C12)/2 -> -2731.5 | E12: =0.5*SIN(D12/3600*PI()/180)*1000+E13 -> -167.10434 | F12: -4510 | G12: 1097 | H12: =(F12-G12)/2 -> -2803.5 | I12: =0.5*SIN(H12/3600*PI()/180)*1000+I13 -> -168.51512 | J12: =SQRT(E12^2+I12^2) -> 237.32089 | K12: =IF(E12>=0,180-DEGREES(ASIN(-I12/J12)),IF(E12<0,DEGREES(ASIN(-I12/J12)),360-DEGREES(ASIN(I12/J12)))) -> 45.240842 | L12: =IF((K12+$L$1)<=360,K12+$L$1,K12+$L$1-360) -> 225.24084 | M12: =J12*COS(RADIANS(L12)) -> -167.10434 | N12: =J12*SIN(RADIANS(L12)) -> -168.51512 | O12: =M12-'"0" цикл 24.06'!M11 -> 555.61014 | P12: =N12-'"0" цикл 24.06'!N11 -> -773.59263 | Q12: =SQRT(O12^2+P12^2) -> 952.44327 | R12: =IF(Q12=0,0,IF(O12>=0,DEGREES(ASIN(P12/Q12)),(180-DEGREES(ASIN(P12/Q12))))) -> -54.313315 | S12: =IF(R12<0,360+R12,R12) -> 305.68668
A13: 4.5 | B13: -5716 | C13: 2116 | D13: =(B13-C13)/2 -> -3916 | E13: =0.5*SIN(D13/3600*PI()/180)*1000+E14 -> -160.48319 | F13: -5668 | G13: 2227 | H13: =(F13-G13)/2 -> -3947.5 | I13: =0.5*SIN(H13/3600*PI()/180)*1000+I14 -> -161.71945 | J13: =SQRT(E13^2+I13^2) -> 227.83335 | K13: =IF(E13>=0,180-DEGREES(ASIN(-I13/J13)),IF(E13<0,DEGREES(ASIN(-I13/J13)),360-DEGREES(ASIN(I13/J13)))) -> 45.219838 | L13: =IF((K13+$L$1)<=360,K13+$L$1,K13+$L$1-360) -> 225.21984 | M13: =J13*COS(RADIANS(L13)) -> -160.48319 | N13: =J13*SIN(RADIANS(L13)) -> -161.71945 | O13: =M13-'"0" цикл 24.06'!M12 -> 558.02182 | P13: =N13-'"0" цикл 24.06'!N12 -> -763.81477 | Q13: =SQRT(O13^2+P13^2) -> 945.93941 | R13: =IF(Q13=0,0,IF(O13>=0,DEGREES(ASIN(P13/Q13)),(180-DEGREES(ASIN(P13/Q13))))) -> -53.849175 | S13: =IF(R13<0,360+R13,R13) -> 306.15082
A14: 5 | B14: -7080 | C14: 3467 | D14: =(B14-C14)/2 -> -5273.5 | E14: =0.5*SIN(D14/3600*PI()/180)*1000+E15 -> -150.99111 | F14: -7005 | G14: 3515 | H14: =(F14-G14)/2 -> -5260 | I14: =0.5*SIN(H14/3600*PI()/180)*1000+I15 -> -152.15102 | J14: =SQRT(E14^2+I14^2) -> 214.35542 | K14: =IF(E14>=0,180-DEGREES(ASIN(-I14/J14)),IF(E14<0,DEGREES(ASIN(-I14/J14)),360-DEGREES(ASIN(I14/J14)))) -> 45.219231 | L14: =IF((K14+$L$1)<=360,K14+$L$1,K14+$L$1-360) -> 225.21923 | M14: =J14*COS(RADIANS(L14)) -> -150.99111 | N14: =J14*SIN(RADIANS(L14)) -> -152.15102 | O14: =M14-'"0" цикл 24.06'!M13 -> 564.94295 | P14: =N14-'"0" цикл 24.06'!N13 -> -752.69167 | Q14: =SQRT(O14^2+P14^2) -> 941.11917 | R14: =IF(Q14=0,0,IF(O14>=0,DEGREES(ASIN(P14/Q14)),(180-DEGREES(ASIN(P14/Q14))))) -> -53.109442 | S14: =IF(R14<0,360+R14,R14) -> 306.89056
A15: 5.5 | B15: -8056 | C15: 4521 | D15: =(B15-C15)/2 -> -6288.5 | E15: =0.5*SIN(D15/3600*PI()/180)*1000+E16 -> -138.20917 | F15: -8031 | G15: 4599 | H15: =(F15-G15)/2 -> -6315 | I15: =0.5*SIN(H15/3600*PI()/180)*1000+I16 -> -139.40181 | J15: =SQRT(E15^2+I15^2) -> 196.30242 | K15: =IF(E15>=0,180-DEGREES(ASIN(-I15/J15)),IF(E15<0,DEGREES(ASIN(-I15/J15)),360-DEGREES(ASIN(I15/J15)))) -> 45.246144 | L15: =IF((K15+$L$1)<=360,K15+$L$1,K15+$L$1-360) -> 225.24614 | M15: =J15*COS(RADIANS(L15)) -> -138.20917 | N15: =J15*SIN(RADIANS(L15)) -> -139.40181 | O15: =M15-'"0" цикл 24.06'!M14 -> 577.62452 | P15: =N15-'"0" цикл 24.06'!N14 -> -740.84118 | Q15: =SQRT(O15^2+P15^2) -> 939.41245 | R15: =IF(Q15=0,0,IF(O15>=0,DEGREES(ASIN(P15/Q15)),(180-DEGREES(ASIN(P15/Q15))))) -> -52.056907 | S15: =IF(R15<0,360+R15,R15) -> 307.94309
... A53: 24.5 | B53: -632 | C53: -2847 | D53: =(B53-C53)/2 -> 1107.5 | E53: =0.5*SIN(D53/3600*PI()/180)*1000+E54 -> 5.3692857 | F53: -548 | G53: -2662 | H53: =(F53-G53)/2 -> 1057 | I53: =0.5*SIN(H53/3600*PI()/180)*1000+I54 -> 5.1244582 | J53: =SQRT(E53^2+I53^2) -> 7.4222167 | K53: =IF(E53>=0,180-DEGREES(ASIN(-I53/J53)),IF(E53<0,DEGREES(ASIN(-I53/J53)),360-DEGREES(ASIN(I53/J53)))) -> 223.66349 | L53: =IF((K53+$L$1)<=360,K53+$L$1,K53+$L$1-360) -> 43.663486 | M53: =J53*COS(RADIANS(L53)) -> 5.3692857 | N53: =J53*SIN(RADIANS(L53)) -> 5.1244582 | O53: =M53-'"0" цикл 24.06'!M52 -> 703.7103 | P53: =N53-'"0" цикл 24.06'!N52 -> -618.16731 | Q53: =SQRT(O53^2+P53^2) -> 936.66377 | R53: =IF(Q53=0,0,IF(O53>=0,DEGREES(ASIN(P53/Q53)),(180-DEGREES(ASIN(P53/Q53))))) -> -41.297367 | S53: =IF(R53<0,360+R53,R53) -> 318.70263
A54: 25 | B54: -632 | C54: -2847 | D54: =(B54-C54)/2 -> 1107.5 | E54: =0.5*SIN(D54/3600*PI()/180)*1000+E55 -> 2.6846429 | F54: -548 | G54: -2662 | H54: =(F54-G54)/2 -> 1057 | I54: =0.5*SIN(H54/3600*PI()/180)*1000+I55 -> 2.5622291 | J54: =SQRT(E54^2+I54^2) -> 3.7111084 | K54: =IF(E54>=0,180-DEGREES(ASIN(-I54/J54)),IF(E54<0,DEGREES(ASIN(-I54/J54)),360-DEGREES(ASIN(I54/J54)))) -> 223.66349 | L54: 0 | M54: =J54*COS(RADIANS(L54)) -> 3.7111084 | N54: =J54*SIN(RADIANS(L54)) -> 0 | O54: =M54-'"0" цикл 24.06'!M53 -> 687.02371 | P54: =N54-'"0" цикл 24.06'!N53 -> -609.23572 | Q54: =SQRT(O54^2+P54^2) -> 918.24275 | R54: =IF(Q54=0,0,IF(O54>=0,DEGREES(ASIN(P54/Q54)),(180-DEGREES(ASIN(P54/Q54))))) -> -41.565822 | S54: =IF(R54<0,360+R54,R54) -> 318.43418

Sheet 4
B1: Цикл 3 (01.03.24) | K1: Аз скв | L1: 180
A2: Глубина | B2: X1 | C2: X2 | D2: X абсолютное (угл. Сек) | E2: Перемещение по X, (мм), 01.03.24 | F2: Y1 | G2: Y2 | H2: Y абсолютное (угл. Сек) | I2: Перемещение по Y, (мм), 15.03.24 | J2: Суммарное перемещение, мм | K2: Азимут (в системе координат скважины) | L2: Азимут, абсолютный | M2: D сев | N2: D восток | O2: ΔD сев | P2: ΔD восток | Q2: ΔD | S2: Аз откл
A3: -0.5 | B3: -3764 | C3: 163 | D3: =(B3-C3)/2 -> -1963.5 | E3: =0.5*SIN(D3/3600*PI()/180)*1000+E4 -> -200.38156 | F3: -3702 | G3: 228 | H3: =(F3-G3)/2 -> -1965 | I3: =0.5*SIN(H3/3600*PI()/180)*1000+I4 -> -202.1838 | J3: =SQRT(E3^2+I3^2) -> 284.65954 | K3: =IF(E3>=0,180-DEGREES(ASIN(-I3/J3)),IF(E3<0,DEGREES(ASIN(-I3/J3)),360-DEGREES(ASIN(I3/J3)))) -> 45.256505 | L3: =IF((K3+$L$1)<=360,K3+$L$1,K3+$L$1-360) -> 225.25651 | M3: =J3*COS(RADIANS(L3)) -> -200.38156 | N3: =J3*SIN(RADIANS(L3)) -> -202.1838 | O3: =M3-'"0" цикл 24.06'!#REF! -> #REF! | P3: =N3-'"0" цикл 24.06'!#REF! -> #REF! | Q3: =SQRT(O3^2+P3^2) -> #REF! | R3: =IF(Q3=0,0,IF(O3>=0,DEGREES(ASIN(P3/Q3)),(180-DEGREES(ASIN(P3/Q3))))) -> #REF! | S3: =IF(R3<0,360+R3,R3) -> #REF!
A4: 0 | B4: -3132 | C4: -482 | D4: =(B4-C4)/2 -> -1325 | E4: =0.5*SIN(D4/3600*PI()/180)*1000+E5 -> -195.62197 | F4: -3010 | G4: -428 | H4: =(F4-G4)/2 -> -1291 | I4: =0.5*SIN(H4/3600*PI()/180)*1000+I5 -> -197.42057 | J4: =SQRT(E4^2+I4^2) -> 277.92596 | K4: =IF(E4>=0,180-DEGREES(ASIN(-I4/J4)),IF(E4<0,DEGREES(ASIN(-I4/J4)),360-DEGREES(ASIN(I4/J4)))) -> 45.26219 | L4: =IF((K4+$L$1)<=360,K4+$L$1,K4+$L$1-360) -> 225.26219 | M4: =J4*COS(RADIANS(L4)) -> -195.62197 | N4: =J4*SIN(RADIANS(L4)) -> -197.42057 | O4: =M4-'"0" цикл 24.06'!M3 -> 516.92184 | P4: =N4-'"0" цикл 24.06'!N3 -> -784.12197 | Q4: =SQRT(O4^2+P4^2) -> 939.17808 | R4: =IF(Q4=0,0,IF(O4>=0,DEGREES(ASIN(P4/Q4)),(180-DEGREES(ASIN(P4/Q4))))) -> -56.605671 | S4: =IF(R4<0,360+R4,R4) -> 303.39433
A5: 0.5 | B5: -2392 | C5: -1218 | D5: =(B5-C5)/2 -> -587 | E5: =0.5*SIN(D5/3600*PI()/180)*1000+E6 -> -192.4101 | F5: -2302 | G5: -1171 | H5: =(F5-G5)/2 -> -565.5 | I5: =0.5*SIN(H5/3600*PI()/180)*1000+I6 -> -194.29112 | J5: =SQRT(E5^2+I5^2) -> 273.44229 | K5: =IF(E5>=0,180-DEGREES(ASIN(-I5/J5)),IF(E5<0,DEGREES(ASIN(-I5/J5)),360-DEGREES(ASIN(I5/J5)))) -> 45.2787 | L5: =IF((K5+$L$1)<=360,K5+$L$1,K5+$L$1-360) -> 225.2787 | M5: =J5*COS(RADIANS(L5)) -> -192.4101 | N5: =J5*SIN(RADIANS(L5)) -> -194.29112 | O5: =M5-'"0" цикл 24.06'!M4 -> 524.61381 | P5: =N5-'"0" цикл 24.06'!N4 -> -786.51214 | Q5: =SQRT(O5^2+P5^2) -> 945.42107 | R5: =IF(Q5=0,0,IF(O5>=0,DEGREES(ASIN(P5/Q5)),(180-DEGREES(ASIN(P5/Q5))))) -> -56.296197 | S5: =IF(R5<0,360+R5,R5) -> 303.7038
A6: 1 | B6: -2936 | C6: -637 | D6: =(B6-C6)/2 -> -1149.5 | E6: =0.5*SIN(D6/3600*PI()/180)*1000+E7 -> -190.98717 | F6: -2912 | G6: -547 | H6: =(F6-G6)/2 -> -1182.5 | I6: =0.5*SIN(H6/3600*PI()/180)*1000+I7 -> -192.92031 | J6: =SQRT(E6^2+I6^2) -> 271.46703 | K6: =IF(E6>=0,180-DEGREES(ASIN(-I6/J6)),IF(E6<0,DEGREES(ASIN(-I6/J6)),360-DEGREES(ASIN(I6/J6)))) -> 45.288506 | L6: =IF((K6+$L$1)<=360,K6+$L$1,K6+$L$1-360) -> 225.28851 | M6: =J6*COS(RADIANS(L6)) -> -190.98717 | N6: =J6*SIN(RADIANS(L6)) -> -192.92031 | O6: =M6-'"0" цикл 24.06'!M5 -> 532.66298 | P6: =N6-'"0" цикл 24.06'!N5 -> -792.60718 | Q6: =SQRT(O6^2+P6^2) -> 954.96387 | R6: =IF(Q6=0,0,IF(O6>=0,DEGREES(ASIN(P6/Q6)),(180-DEGREES(ASIN(P6/Q6))))) -> -56.097358 | S6: =IF(R6<0,360+R6,R6) -> 303.90264
A7: 1.5 | B7: -3302 | C7: -308 | D7: =(B7-C7)/2 -> -1497 | E7: =0.5*SIN(D7/3600*PI()/180)*1000+E8 -> -188.20072 | F7: -3200 | G7: -222 | H7: =(F7-G7)/2 -> -1489 | I7: =0.5*SIN(H7/3600*PI()/180)*1000+I8 -> -190.05387 | J7: =SQRT(E7^2+I7^2) -> 267.4696 | K7: =IF(E7>=0,180-DEGREES(ASIN(-I7/J7)),IF(E7<0,DEGREES(ASIN(-I7/J7)),360-DEGREES(ASIN(I7/J7)))) -> 45.280701 | L7: =IF((K7+$L$1)<=360,K7+$L$1,K7+$L$1-360) -> 225.2807 | M7: =J7*COS(RADIANS(L7)) -> -188.20072 | N7: =J7*SIN(RADIANS(L7)) -> -190.05387 | O7: =M7-'"0" цикл 24.06'!M6 -> 540.03849 | P7: =N7-'"0" цикл 24.06'!N6 -> -795.54479 | Q7: =SQRT(O7^2+P7^2) -> 961.52644 | R7: =IF(Q7=0,0,IF(O7>=0,DEGREES(ASIN(P7/Q7)),(180-DEGREES(ASIN(P7/Q7))))) -> -55.830221 | S7: =IF(R7<0,360+R7,R7) -> 304.16978
A8: 2 | B8: -3018 | C8: -669 | D8: =(B8-C8)/2 -> -1174.5 | E8: =0.5*SIN(D8/3600*PI()/180)*1000+E9 -> -184.57192 | F8: -2928 | G8: -615 | H8: =(F8-G8)/2 -> -1156.5 | I8: =0.5*SIN(H8/3600*PI()/180)*1000+I9 -> -186.44446 | J8: =SQRT(E8^2+I8^2) -> 262.35154 | K8: =IF(E8>=0,180-DEGREES(ASIN(-I8/J8)),IF(E8<0,DEGREES(ASIN(-I8/J8)),360-DEGREES(ASIN(I8/J8)))) -> 45.289172 | L8: =IF((K8+$L$1)<=360,K8+$L$1,K8+$L$1-360) -> 225.28917 | M8: =J8*COS(RADIANS(L8)) -> -184.57192 | N8: =J8*SIN(RADIANS(L8)) -> -186.44446 | O8: =M8-'"0" цикл 24.06'!M7 -> 545.91233 | P8: =N8-'"0" цикл 24.06'!N7 -> -795.19852 | Q8: =SQRT(O8^2+P8^2) -> 964.55221 | R8: =IF(Q8=0,0,IF(O8>=0,DEGREES(ASIN(P8/Q8)),(180-DEGREES(ASIN(P8/Q8))))) -> -55.529983 | S8: =IF(R8<0,360+R8,R8) -> 304.47002
A9: 2.5 | B9: -3583 | C9: 91 | D9: =(B9-C9)/2 -> -1837 | E9: =0.5*SIN(D9/3600*PI()/180)*1000+E10 -> -181.72487 | F9: -3558 | G9: 171 | H9: =(F9-G9)/2 -> -1864.5 | I9: =0.5*SIN(H9/3600*PI()/180)*1000+I10 -> -183.64104 | J9: =SQRT(E9^2+I9^2) -> 258.35627 | K9: =IF(E9>=0,180-DEGREES(ASIN(-I9/J9)),IF(E9<0,DEGREES(ASIN(-I9/J9)),360-DEGREES(ASIN(I9/J9)))) -> 45.300486 | L9: =IF((K9+$L$1)<=360,K9+$L$1,K9+$L$1-360) -> 225.30049 | M9: =J9*COS(RADIANS(L9)) -> -181.72487 | N9: =J9*SIN(RADIANS(L9)) -> -183.64104 | O9: =M9-'"0" цикл 24.06'!M8 -> 549.50854 | P9: =N9-'"0" цикл 24.06'!N8 -> -794.29799 | Q9: =SQRT(O9^2+P9^2) -> 965.85141 | R9: =IF(Q9=0,0,IF(O9>=0,DEGREES(ASIN(P9/Q9)),(180-DEGREES(ASIN(P9/Q9))))) -> -55.323871 | S9: =IF(R9<0,360+R9,R9) -> 304.67613
A10: 3 | B10: -3849 | C10: 267 | D10: =(B10-C10)/2 -> -2058 | E10: =0.5*SIN(D10/3600*PI()/180)*1000+E11 -> -177.27192 | F10: -3765 | G10: 350 | H10: =(F10-G10)/2 -> -2057.5 | I10: =0.5*SIN(H10/3600*PI()/180)*1000+I11 -> -179.12143 | J10: =SQRT(E10^2+I10^2) -> 252.01154 | K10: =IF(E10>=0,180-DEGREES(ASIN(-I10/J10)),IF(E10<0,DEGREES(ASIN(-I10/J10)),360-DEGREES(ASIN(I10/J10)))) -> 45.297335 | L10: =IF((K10+$L$1)<=360,K10+$L$1,K10+$L$1-360) -> 225.29733 | M10: =J10*COS(RADIANS(L10)) -> -177.27192 | N10: =J10*SIN(RADIANS(L10)) -> -179.12143 | O10: =M10-'"0" цикл 24.06'!M9 -> 553.01345 | P10: =N10-'"0" цикл 24.06'!N9 -> -789.97315 | Q10: =SQRT(O10^2+P10^2) -> 964.30361 | R10: =IF(Q10=0,0,IF(O10>=0,DEGREES(ASIN(P10/Q10)),(180-DEGREES(ASIN(P10/Q10))))) -> -55.00641 | S10: =IF(R10<0,360+R10,R10) -> 304.99359
A11: 3.5 | B11: -3933 | C11: 340 | D11: =(B11-C11)/2 -> -2136.5 | E11: =0.5*SIN(D11/3600*PI()/180)*1000+E12 -> -172.28327 | F11: -4262 | G11: 374 | H11: =(F11-G11)/2 -> -2318 | I11: =0.5*SIN(H11/3600*PI()/180)*1000+I12 -> -174.13399 | J11: =SQRT(E11^2+I11^2) -> 244.95749 | K11: =IF(E11>=0,180-DEGREES(ASIN(-I11/J11)),IF(E11<0,DEGREES(ASIN(-I11/J11)),360-DEGREES(ASIN(I11/J11)))) -> 45.306098 | L11: =IF((K11+$L$1)<=360,K11+$L$1,K11+$L$1-360) -> 225.3061 | M11: =J11*COS(RADIANS(L11)) -> -172.28327 | N11: =J11*SIN(RADIANS(L11)) -> -174.13399 | O11: =M11-'"0" цикл 24.06'!M10 -> 555.08753 | P11: =N11-'"0" цикл 24.06'!N10 -> -783.11373 | Q11: =SQRT(O11^2+P11^2) -> 959.89025 | R11: =IF(Q11=0,0,IF(O11>=0,DEGREES(ASIN(P11/Q11)),(180-DEGREES(ASIN(P11/Q11))))) -> -54.670181 | S11: =IF(R11<0,360+R11,R11) -> 305.32982
A12: 4 | B12: -4528 | C12: 935 | D12: =(B12-C12)/2 -> -2731.5 | E12: =0.5*SIN(D12/3600*PI()/180)*1000+E13 -> -167.10434 | F12: -4510 | G12: 1097 | H12: =(F12-G12)/2 -> -2803.5 | I12: =0.5*SIN(H12/3600*PI()/180)*1000+I13 -> -168.51512 | J12: =SQRT(E12^2+I12^2) -> 237.32089 | K12: =IF(E12>=0,180-DEGREES(ASIN(-I12/J12)),IF(E12<0,DEGREES(ASIN(-I12/J12)),360-DEGREES(ASIN(I12/J12)))) -> 45.240842 | L12: =IF((K12+$L$1)<=360,K12+$L$1,K12+$L$1-360) -> 225.24084 | M12: =J12*COS(RADIANS(L12)) -> -167.10434 | N12: =J12*SIN(RADIANS(L12)) -> -168.51512 | O12: =M12-'"0" цикл 24.06'!M11 -> 555.61014 | P12: =N12-'"0" цикл 24.06'!N11 -> -773.59263 | Q12: =SQRT(O12^2+P12^2) -> 952.44327 | R12: =IF(Q12=0,0,IF(O12>=0,DEGREES(ASIN(P12/Q12)),(180-DEGREES(ASIN(P12/Q12))))) -> -54.313315 | S12: =IF(R12<0,360+R12,R12) -> 305.68668
A13: 4.5 | B13: -5716 | C13: 2116 | D13: =(B13-C13)/2 -> -3916 | E13: =0.5*SIN(D13/3600*PI()/180)*1000+E14 -> -160.48319 | F13: -5668 | G13: 2227 | H13: =(F13-G13)/2 -> -3947.5 | I13: =0.5*SIN(H13/3600*PI()/180)*1000+I14 -> -161.71945 | J13: =SQRT(E13^2+I13^2) -> 227.83335 | K13: =IF(E13>=0,180-DEGREES(ASIN(-I13/J13)),IF(E13<0,DEGREES(ASIN(-I13/J13)),360-DEGREES(ASIN(I13/J13)))) -> 45.219838 | L13: =IF((K13+$L$1)<=360,K13+$L$1,K13+$L$1-360) -> 225.21984 | M13: =J13*COS(RADIANS(L13)) -> -160.48319 | N13: =J13*SIN(RADIANS(L13)) -> -161.71945 | O13: =M13-'"0" цикл 24.06'!M12 -> 558.02182 | P13: =N13-'"0" цикл 24.06'!N12 -> -763.81477 | Q13: =SQRT(O13^2+P13^2) -> 945.93941 | R13: =IF(Q13=0,0,IF(O13>=0,DEGREES(ASIN(P13/Q13)),(180-DEGREES(ASIN(P13/Q13))))) -> -53.849175 | S13: =IF(R13<0,360+R13,R13) -> 306.15082
A14: 5 | B14: -7080 | C14: 3467 | D14: =(B14-C14)/2 -> -5273.5 | E14: =0.5*SIN(D14/3600*PI()/180)*1000+E15 -> -150.99111 | F14: -7005 | G14: 3515 | H14: =(F14-G14)/2 -> -5260 | I14: =0.5*SIN(H14/3600*PI()/180)*1000+I15 -> -152.15102 | J14: =SQRT(E14^2+I14^2) -> 214.35542 | K14: =IF(E14>=0,180-DEGREES(ASIN(-I14/J14)),IF(E14<0,DEGREES(ASIN(-I14/J14)),360-DEGREES(ASIN(I14/J14)))) -> 45.219231 | L14: =IF((K14+$L$1)<=360,K14+$L$1,K14+$L$1-360) -> 225.21923 | M14: =J14*COS(RADIANS(L14)) -> -150.99111 | N14: =J14*SIN(RADIANS(L14)) -> -152.15102 | O14: =M14-'"0" цикл 24.06'!M13 -> 564.94295 | P14: =N14-'"0" цикл 24.06'!N13 -> -752.69167 | Q14: =SQRT(O14^2+P14^2) -> 941.11917 | R14: =IF(Q14=0,0,IF(O14>=0,DEGREES(ASIN(P14/Q14)),(180-DEGREES(ASIN(P14/Q14))))) -> -53.109442 | S14: =IF(R14<0,360+R14,R14) -> 306.89056
A15: 5.5 | B15: -8056 | C15: 4521 | D15: =(B15-C15)/2 -> -6288.5 | E15: =0.5*SIN(D15/3600*PI()/180)*1000+E16 -> -138.20917 | F15: -8031 | G15: 4599 | H15: =(F15-G15)/2 -> -6315 | I15: =0.5*SIN(H15/3600*PI()/180)*1000+I16 -> -139.40181 | J15: =SQRT(E15^2+I15^2) -> 196.30242 | K15: =IF(E15>=0,180-DEGREES(ASIN(-I15/J15)),IF(E15<0,DEGREES(ASIN(-I15/J15)),360-DEGREES(ASIN(I15/J15)))) -> 45.246144 | L15: =IF((K15+$L$1)<=360,K15+$L$1,K15+$L$1-360) -> 225.24614 | M15: =J15*COS(RADIANS(L15)) -> -138.20917 | N15: =J15*SIN(RADIANS(L15)) -> -139.40181 | O15: =M15-'"0" цикл 24.06'!M14 -> 577.62452 | P15: =N15-'"0" цикл 24.06'!N14 -> -740.84118 | Q15: =SQRT(O15^2+P15^2) -> 939.41245 | R15: =IF(Q15=0,0,IF(O15>=0,DEGREES(ASIN(P15/Q15)),(180-DEGREES(ASIN(P15/Q15))))) -> -52.056907 | S15: =IF(R15<0,360+R15,R15) -> 307.94309
... A53: 24.5 | B53: -632 | C53: -2847 | D53: =(B53-C53)/2 -> 1107.5 | E53: =0.5*SIN(D53/3600*PI()/180)*1000+E54 -> 5.3692857 | F53: -548 | G53: -2662 | H53: =(F53-G53)/2 -> 1057 | I53: =0.5*SIN(H53/3600*PI()/180)*1000+I54 -> 5.1244582 | J53: =SQRT(E53^2+I53^2) -> 7.4222167 | K53: =IF(E53>=0,180-DEGREES(ASIN(-I53/J53)),IF(E53<0,DEGREES(ASIN(-I53/J53)),360-DEGREES(ASIN(I53/J53)))) -> 223.66349 | L53: =IF((K53+$L$1)<=360,K53+$L$1,K53+$L$1-360) -> 43.663486 | M53: =J53*COS(RADIANS(L53)) -> 5.3692857 | N53: =J53*SIN(RADIANS(L53)) -> 5.1244582 | O53: =M53-'"0" цикл 24.06'!M52 -> 703.7103 | P53: =N53-'"0" цикл 24.06'!N52 -> -618.16731 | Q53: =SQRT(O53^2+P53^2) -> 936.66377 | R53: =IF(Q53=0,0,IF(O53>=0,DEGREES(ASIN(P53/Q53)),(180-DEGREES(ASIN(P53/Q53))))) -> -41.297367 | S53: =IF(R53<0,360+R53,R53) -> 318.70263
A54: 25 | B54: -632 | C54: -2847 | D54: =(B54-C54)/2 -> 1107.5 | E54: =0.5*SIN(D54/3600*PI()/180)*1000+E55 -> 2.6846429 | F54: -548 | G54: -2662 | H54: =(F54-G54)/2 -> 1057 | I54: =0.5*SIN(H54/3600*PI()/180)*1000+I55 -> 2.5622291 | J54: =SQRT(E54^2+I54^2) -> 3.7111084 | K54: =IF(E54>=0,180-DEGREES(ASIN(-I54/J54)),IF(E54<0,DEGREES(ASIN(-I54/J54)),360-DEGREES(ASIN(I54/J54)))) -> 223.66349 | L54: 0 | M54: =J54*COS(RADIANS(L54)) -> 3.7111084 | N54: =J54*SIN(RADIANS(L54)) -> 0 | O54: =M54-'"0" цикл 24.06'!M53 -> 687.02371 | P54: =N54-'"0" цикл 24.06'!N53 -> -609.23572 | Q54: =SQRT(O54^2+P54^2) -> 918.24275 | R54: =IF(Q54=0,0,IF(O54>=0,DEGREES(ASIN(P54/Q54)),(180-DEGREES(ASIN(P54/Q54))))) -> -41.565822 | S54: =IF(R54<0,360+R54,R54) -> 318.43418

Sheet 5
B1: Цикл 3 (01.03.24) | K1: Аз скв | L1: 180
A2: Глубина | B2: X1 | C2: X2 | D2: X абсолютное (угл. Сек) | E2: Перемещение по X, (мм), 01.03.24 | F2: Y1 | G2: Y2 | H2: Y абсолютное (угл. Сек) | I2: Перемещение по Y, (мм), 15.03.24 | J2: Суммарное перемещение, мм | K2: Азимут (в системе координат скважины) | L2: Азимут, абсолютный | M2: D сев | N2: D восток | O2: ΔD сев | P2: ΔD восток | Q2: ΔD | S2: Аз откл
A3: -0.5 | B3: -3764 | C3: 163 | D3: =(B3-C3)/2 -> -1963.5 | E3: =0.5*SIN(D3/3600*PI()/180)*1000+E4 -> -200.38156 | F3: -3702 | G3: 228 | H3: =(F3-G3)/2 -> -1965 | I3: =0.5*SIN(H3/3600*PI()/180)*1000+I4 -> -202.1838 | J3: =SQRT(E3^2+I3^2) -> 284.65954 | K3: =IF(E3>=0,180-DEGREES(ASIN(-I3/J3)),IF(E3<0,DEGREES(ASIN(-I3/J3)),360-DEGREES(ASIN(I3/J3)))) -> 45.256505 | L3: =IF((K3+$L$1)<=360,K3+$L$1,K3+$L$1-360) -> 225.25651 | M3: =J3*COS(RADIANS(L3)) -> -200.38156 | N3: =J3*SIN(RADIANS(L3)) -> -202.1838 | O3: =M3-'"0" цикл 24.06'!#REF! -> #REF! | P3: =N3-'"0" цикл 24.06'!#REF! -> #REF! | Q3: =SQRT(O3^2+P3^2) -> #REF! | R3: =IF(Q3=0,0,IF(O3>=0,DEGREES(ASIN(P3/Q3)),(180-DEGREES(ASIN(P3/Q3))))) -> #REF! | S3: =IF(R3<0,360+R3,R3) -> #REF!
A4: 0 | B4: -3132 | C4: -482 | D4: =(B4-C4)/2 -> -1325 | E4: =0.5*SIN(D4/3600*PI()/180)*1000+E5 -> -195.62197 | F4: -3010 | G4: -428 | H4: =(F4-G4)/2 -> -1291 | I4: =0.5*SIN(H4/3600*PI()/180)*1000+I5 -> -197.42057 | J4: =SQRT(E4^2+I4^2) -> 277.92596 | K4: =IF(E4>=0,180-DEGREES(ASIN(-I4/J4)),IF(E4<0,DEGREES(ASIN(-I4/J4)),360-DEGREES(ASIN(I4/J4)))) -> 45.26219 | L4: =IF((K4+$L$1)<=360,K4+$L$1,K4+$L$1-360) -> 225.26219 | M4: =J4*COS(RADIANS(L4)) -> -195.62197 | N4: =J4*SIN(RADIANS(L4)) -> -197.42057 | O4: =M4-'"0" цикл 24.06'!M3 -> 516.92184 | P4: =N4-'"0" цикл 24.06'!N3 -> -784.12197 | Q4: =SQRT(O4^2+P4^2) -> 939.17808 | R4: =IF(Q4=0,0,IF(O4>=0,DEGREES(ASIN(P4/Q4)),(180-DEGREES(ASIN(P4/Q4))))) -> -56.605671 | S4: =IF(R4<0,360+R4,R4) -> 303.39433
A5: 0.5 | B5: -2392 | C5: -1218 | D5: =(B5-C5)/2 -> -587 | E5: =0.5*SIN(D5/3600*PI()/180)*1000+E6 -> -192.4101 | F5: -2302 | G5: -1171 | H5: =(F5-G5)/2 -> -565.5 | I5: =0.5*SIN(H5/3600*PI()/180)*1000+I6 -> -194.29112 | J5: =SQRT(E5^2+I5^2) -> 273.44229 | K5: =IF(E5>=0,180-DEGREES(ASIN(-I5/J5)),IF(E5<0,DEGREES(ASIN(-I5/J5)),360-DEGREES(ASIN(I5/J5)))) -> 45.2787 | L5: =IF((K5+$L$1)<=360,K5+$L$1,K5+$L$1-360) -> 225.2787 | M5: =J5*COS(RADIANS(L5)) -> -192.4101 | N5: =J5*SIN(RADIANS(L5)) -> -194.29112 | O5: =M5-'"0" цикл 24.06'!M4 -> 524.61381 | P5: =N5-'"0" цикл 24.06'!N4 -> -786.51214 | Q5: =SQRT(O5^2+P5^2) -> 945.42107 | R5: =IF(Q5=0,0,IF(O5>=0,DEGREES(ASIN(P5/Q5)),(180-DEGREES(ASIN(P5/Q5))))) -> -56.296197 | S5: =IF(R5<0,360+R5,R5) -> 303.7038
A6: 1 | B6: -2936 | C6: -637 | D6: =(B6-C6)/2 -> -1149.5 | E6: =0.5*SIN(D6/3600*PI()/180)*1000+E7 -> -190.98717 | F6: -2912 | G6: -547 | H6: =(F6-G6)/2 -> -1182.5 | I6: =0.5*SIN(H6/3600*PI()/180)*1000+I7 -> -192.92031 | J6: =SQRT(E6^2+I6^2) -> 271.46703 | K6: =IF(E6>=0,180-DEGREES(ASIN(-I6/J6)),IF(E6<0,DEGREES(ASIN(-I6/J6)),360-DEGREES(ASIN(I6/J6)))) -> 45.288506 | L6: =IF((K6+$L$1)<=360,K6+$L$1,K6+$L$1-360) -> 225.28851 | M6: =J6*COS(RADIANS(L6)) -> -190.98717 | N6: =J6*SIN(RADIANS(L6)) -> -192.92031 | O6: =M6-'"0" цикл 24.06'!M5 -> 532.66298 | P6: =N6-'"0" цикл 24.06'!N5 -> -792.60718 | Q6: =SQRT(O6^2+P6^2) -> 954.96387 | R6: =IF(Q6=0,0,IF(O6>=0,DEGREES(ASIN(P6/Q6)),(180-DEGREES(ASIN(P6/Q6))))) -> -56.097358 | S6: =IF(R6<0,360+R6,R6) -> 303.90264
A7: 1.5 | B7: -3302 | C7: -308 | D7: =(B7-C7)/2 -> -1497 | E7: =0.5*SIN(D7/3600*PI()/180)*1000+E8 -> -188.20072 | F7: -3200 | G7: -222 | H7: =(F7-G7)/2 -> -1489 | I7: =0.5*SIN(H7/3600*PI()/180)*1000+I8 -> -190.05387 | J7: =SQRT(E7^2+I7^2) -> 267.4696 | K7: =IF(E7>=0,180-DEGREES(ASIN(-I7/J7)),IF(E7<0,DEGREES(ASIN(-I7/J7)),360-DEGREES(ASIN(I7/J7)))) -> 45.280701 | L7: =IF((K7+$L$1)<=360,K7+$L$1,K7+$L$1-360) -> 225.2807 | M7: =J7*COS(RADIANS(L7)) -> -188.20072 | N7: =J7*SIN(RADIANS(L7)) -> -190.05387 | O7: =M7-'"0" цикл 24.06'!M6 -> 540.03849 | P7: =N7-'"0" цикл 24.06'!N6 -> -795.54479 | Q7: =SQRT(O7^2+P7^2) -> 961.52644 | R7: =IF(Q7=0,0,IF(O7>=0,DEGREES(ASIN(P7/Q7)),(180-DEGREES(ASIN(P7/Q7))))) -> -55.830221 | S7: =IF(R7<0,360+R7,R7) -> 304.16978
A8: 2 | B8: -3018 | C8: -669 | D8: =(B8-C8)/2 -> -1174.5 | E8: =0.5*SIN(D8/3600*PI()/180)*1000+E9 -> -184.57192 | F8: -2928 | G8: -615 | H8: =(F8-G8)/2 -> -1156.5 | I8: =0.5*SIN(H8/3600*PI()/180)*1000+I9 -> -186.44446 | J8: =SQRT(E8^2+I8^2) -> 262.35154 | K8: =IF(E8>=0,180-DEGREES(ASIN(-I8/J8)),IF(E8<0,DEGREES(ASIN(-I8/J8)),360-DEGREES(ASIN(I8/J8)))) -> 45.289172 | L8: =IF((K8+$L$1)<=360,K8+$L$1,K8+$L$1-360) -> 225.28917 | M8: =J8*COS(RADIANS(L8)) -> -184.57192 | N8: =J8*SIN(RADIANS(L8)) -> -186.44446 | O8: =M8-'"0" цикл 24.06'!M7 -> 545.91233 | P8: =N8-'"0" цикл 24.06'!N7 -> -795.19852 | Q8: =SQRT(O8^2+P8^2) -> 964.55221 | R8: =IF(Q8=0,0,IF(O8>=0,DEGREES(ASIN(P8/Q8)),(180-DEGREES(ASIN(P8/Q8))))) -> -55.529983 | S8: =IF(R8<0,360+R8,R8) -> 304.47002
A9: 2.5 | B9: -3583 | C9: 91 | D9: =(B9-C9)/2 -> -1837 | E9: =0.5*SIN(D9/3600*PI()/180)*1000+E10 -> -181.72487 | F9: -3558 | G9: 171 | H9: =(F9-G9)/2 -> -1864.5 | I9: =0.5*SIN(H9/3600*PI()/180)*1000+I10 -> -183.64104 | J9: =SQRT(E9^2+I9^2) -> 258.35627 | K9: =IF(E9>=0,180-DEGREES(ASIN(-I9/J9)),IF(E9<0,DEGREES(ASIN(-I9/J9)),360-DEGREES(ASIN(I9/J9)))) -> 45.300486 | L9: =IF((K9+$L$1)<=360,K9+$L$1,K9+$L$1-360) -> 225.30049 | M9: =J9*COS(RADIANS(L9)) -> -181.72487 | N9: =J9*SIN(RADIANS(L9)) -> -183.64104 | O9: =M9-'"0" цикл 24.06'!M8 -> 549.50854 | P9: =N9-'"0" цикл 24.06'!N8 -> -794.29799 | Q9: =SQRT(O9^2+P9^2) -> 965.85141 | R9: =IF(Q9=0,0,IF(O9>=0,DEGREES(ASIN(P9/Q9)),(180-DEGREES(ASIN(P9/Q9))))) -> -55.323871 | S9: =IF(R9<0,360+R9,R9) -> 304.67613
A10: 3 | B10: -3849 | C10: 267 | D10: =(B10-C10)/2 -> -2058 | E10: =0.5*SIN(D10/3600*PI()/180)*1000+E11 -> -177.27192 | F10: -3765 | G10: 350 | H10: =(F10-G10)/2 -> -2057.5 | I10: =0.5*SIN(H10/3600*PI()/180)*1000+I11 -> -179.12143 | J10: =SQRT(E10^2+I10^2) -> 252.01154 | K10: =IF(E10>=0,180-DEGREES(ASIN(-I10/J10)),IF(E10<0,DEGREES(ASIN(-I10/J10)),360-DEGREES(ASIN(I10/J10)))) -> 45.297335 | L10: =IF((K10+$L$1)<=360,K10+$L$1,K10+$L$1-360) -> 225.29733 | M10: =J10*COS(RADIANS(L10)) -> -177.27192 | N10: =J10*SIN(RADIANS(L10)) -> -179.12143 | O10: =M10-'"0" цикл 24.06'!M9 -> 553.01345 | P10: =N10-'"0" цикл 24.06'!N9 -> -789.97315 | Q10: =SQRT(O10^2+P10^2) -> 964.30361 | R10: =IF(Q10=0,0,IF(O10>=0,DEGREES(ASIN(P10/Q10)),(180-DEGREES(ASIN(P10/Q10))))) -> -55.00641 | S10: =IF(R10<0,360+R10,R10) -> 304.99359
A11: 3.5 | B11: -3933 | C11: 340 | D11: =(B11-C11)/2 -> -2136.5 | E11: =0.5*SIN(D11/3600*PI()/180)*1000+E12 -> -172.28327 | F11: -4262 | G11: 374 | H11: =(F11-G11)/2 -> -2318 | I11: =0.5*SIN(H11/3600*PI()/180)*1000+I12 -> -174.13399 | J11: =SQRT(E11^2+I11^2) -> 244.95749 | K11: =IF(E11>=0,180-DEGREES(ASIN(-I11/J11)),IF(E11<0,DEGREES(ASIN(-I11/J11)),360-DEGREES(ASIN(I11/J11)))) -> 45.306098 | L11: =IF((K11+$L$1)<=360,K11+$L$1,K11+$L$1-360) -> 225.3061 | M11: =J11*COS(RADIANS(L11)) -> -172.28327 | N11: =J11*SIN(RADIANS(L11)) -> -174.13399 | O11: =M11-'"0" цикл 24.06'!M10 -> 555.08753 | P11: =N11-'"0" цикл 24.06'!N10 -> -783.11373 | Q11: =SQRT(O11^2+P11^2) -> 959.89025 | R11: =IF(Q11=0,0,IF(O11>=0,DEGREES(ASIN(P11/Q11)),(180-DEGREES(ASIN(P11/Q11))))) -> -54.670181 | S11: =IF(R11<0,360+R11,R11) -> 305.32982
A12: 4 | B12: -4528 | C12: 935 | D12: =(B12-C12)/2 -> -2731.5 | E12: =0.5*SIN(D12/3600*PI()/180)*1000+E13 -> -167.10434 | F12: -4510 | G12: 1097 | H12: =(F12-G12)/2 -> -2803.5 | I12: =0.5*SIN(H12/3600*PI()/180)*1000+I13 -> -168.51512 | J12: =SQRT(E12^2+I12^2) -> 237.32089 | K12: =IF(E12>=0,180-DEGREES(ASIN(-I12/J12)),IF(E12<0,DEGREES(ASIN(-I12/J12)),360-DEGREES(ASIN(I12/J12)))) -> 45.240842 | L12: =IF((K12+$L$1)<=360,K12+$L$1,K12+$L$1-360) -> 225.24084 | M12: =J12*COS(RADIANS(L12)) -> -167.10434 | N12: =J12*SIN(RADIANS(L12)) -> -168.51512 | O12: =M12-'"0" цикл 24.06'!M11 -> 555.61014 | P12: =N12-'"0" цикл 24.06'!N11 -> -773.59263 | Q12: =SQRT(O12^2+P12^2) -> 952.44327 | R12: =IF(Q12=0,0,IF(O12>=0,DEGREES(ASIN(P12/Q12)),(180-DEGREES(ASIN(P12/Q12))))) -> -54.313315 | S12: =IF(R12<0,360+R12,R12) -> 305.68668
A13: 4.5 | B13: -5716 | C13: 2116 | D13: =(B13-C13)/2 -> -3916 | E13: =0.5*SIN(D13/3600*PI()/180)*1000+E14 -> -160.48319 | F13: -5668 | G13: 2227 | H13: =(F13-G13)/2 -> -3947.5 | I13: =0.5*SIN(H13/3600*PI()/180)*1000+I14 -> -161.71945 | J13: =SQRT(E13^2+I13^2) -> 227.83335 | K13: =IF(E13>=0,180-DEGREES(ASIN(-I13/J13)),IF(E13<0,DEGREES(ASIN(-I13/J13)),360-DEGREES(ASIN(I13/J13)))) -> 45.219838 | L13: =IF((K13+$L$1)<=360,K13+$L$1,K13+$L$1-360) -> 225.21984 | M13: =J13*COS(RADIANS(L13)) -> -160.48319 | N13: =J13*SIN(RADIANS(L13)) -> -161.71945 | O13: =M13-'"0" цикл 24.06'!M12 -> 558.02182 | P13: =N13-'"0" цикл 24.06'!N12 -> -763.81477 | Q13: =SQRT(O13^2+P13^2) -> 945.93941 | R13: =IF(Q13=0,0,IF(O13>=0,DEGREES(ASIN(P13/Q13)),(180-DEGREES(ASIN(P13/Q13))))) -> -53.849175 | S13: =IF(R13<0,360+R13,R13) -> 306.15082
A14: 5 | B14: -7080 | C14: 3467 | D14: =(B14-C14)/2 -> -5273.5 | E14: =0.5*SIN(D14/3600*PI()/180)*1000+E15 -> -150.99111 | F14: -7005 | G14: 3515 | H14: =(F14-G14)/2 -> -5260 | I14: =0.5*SIN(H14/3600*PI()/180)*1000+I15 -> -152.15102 | J14: =SQRT(E14^2+I14^2) -> 214.35542 | K14: =IF(E14>=0,180-DEGREES(ASIN(-I14/J14)),IF(E14<0,DEGREES(ASIN(-I14/J14)),360-DEGREES(ASIN(I14/J14)))) -> 45.219231 | L14: =IF((K14+$L$1)<=360,K14+$L$1,K14+$L$1-360) -> 225.21923 | M14: =J14*COS(RADIANS(L14)) -> -150.99111 | N14: =J14*SIN(RADIANS(L14)) -> -152.15102 | O14: =M14-'"0" цикл 24.06'!M13 -> 564.94295 | P14: =N14-'"0" цикл 24.06'!N13 -> -752.69167 | Q14: =SQRT(O14^2+P14^2) -> 941.11917 | R14: =IF(Q14=0,0,IF(O14>=0,DEGREES(ASIN(P14/Q14)),(180-DEGREES(ASIN(P14/Q14))))) -> -53.109442 | S14: =IF(R14<0,360+R14,R14) -> 306.89056
A15: 5.5 | B15: -8056 | C15: 4521 | D15: =(B15-C15)/2 -> -6288.5 | E15: =0.5*SIN(D15/3600*PI()/180)*1000+E16 -> -138.20917 | F15: -8031 | G15: 4599 | H15: =(F15-G15)/2 -> -6315 | I15: =0.5*SIN(H15/3600*PI()/180)*1000+I16 -> -139.40181 | J15: =SQRT(E15^2+I15^2) -> 196.30242 | K15: =IF(E15>=0,180-DEGREES(ASIN(-I15/J15)),IF(E15<0,DEGREES(ASIN(-I15/J15)),360-DEGREES(ASIN(I15/J15)))) -> 45.246144 | L15: =IF((K15+$L$1)<=360,K15+$L$1,K15+$L$1-360) -> 225.24614 | M15: =J15*COS(RADIANS(L15)) -> -138.20917 | N15: =J15*SIN(RADIANS(L15)) -> -139.40181 | O15: =M15-'"0" цикл 24.06'!M14 -> 577.62452 | P15: =N15-'"0" цикл 24.06'!N14 -> -740.84118 | Q15: =SQRT(O15^2+P15^2) -> 939.41245 | R15: =IF(Q15=0,0,IF(O15>=0,DEGREES(ASIN(P15/Q15)),(180-DEGREES(ASIN(P15/Q15))))) -> -52.056907 | S15: =IF(R15<0,360+R15,R15) -> 307.94309
... A53: 24.5 | B53: -632 | C53: -2847 | D53: =(B53-C53)/2 -> 1107.5 | E53: =0.5*SIN(D53/3600*PI()/180)*1000+E54 -> 5.3692857 | F53: -548 | G53: -2662 | H53: =(F53-G53)/2 -> 1057 | I53: =0.5*SIN(H53/3600*PI()/180)*1000+I54 -> 5.1244582 | J53: =SQRT(E53^2+I53^2) -> 7.4222167 | K53: =IF(E53>=0,180-DEGREES(ASIN(-I53/J53)),IF(E53<0,DEGREES(ASIN(-I53/J53)),360-DEGREES(ASIN(I53/J53)))) -> 223.66349 | L53: =IF((K53+$L$1)<=360,K53+$L$1,K53+$L$1-360) -> 43.663486 | M53: =J53*COS(RADIANS(L53)) -> 5.3692857 | N53: =J53*SIN(RADIANS(L53)) -> 5.1244582 | O53: =M53-'"0" цикл 24.06'!M52 -> 703.7103 | P53: =N53-'"0" цикл 24.06'!N52 -> -618.16731 | Q53: =SQRT(O53^2+P53^2) -> 936.66377 | R53: =IF(Q53=0,0,IF(O53>=0,DEGREES(ASIN(P53/Q53)),(180-DEGREES(ASIN(P53/Q53))))) -> -41.297367 | S53: =IF(R53<0,360+R53,R53) -> 318.70263
A54: 25 | B54: -632 | C54: -2847 | D54: =(B54-C54)/2 -> 1107.5 | E54: =0.5*SIN(D54/3600*PI()/180)*1000+E55 -> 2.6846429 | F54: -548 | G54: -2662 | H54: =(F54-G54)/2 -> 1057 | I54: =0.5*SIN(H54/3600*PI()/180)*1000+I55 -> 2.5622291 | J54: =SQRT(E54^2+I54^2) -> 3.7111084 | K54: =IF(E54>=0,180-DEGREES(ASIN(-I54/J54)),IF(E54<0,DEGREES(ASIN(-I54/J54)),360-DEGREES(ASIN(I54/J54)))) -> 223.66349 | L54: 0 | M54: =J54*COS(RADIANS(L54)) -> 3.7111084 | N54: =J54*SIN(RADIANS(L54)) -> 0 | O54: =M54-'"0" цикл 24.06'!M53 -> 687.02371 | P54: =N54-'"0" цикл 24.06'!N53 -> -609.23572 | Q54: =SQRT(O54^2+P54^2) -> 918.24275 | R54: =IF(Q54=0,0,IF(O54>=0,DEGREES(ASIN(P54/Q54)),(180-DEGREES(ASIN(P54/Q54))))) -> -41.565822 | S54: =IF(R54<0,360+R54,R54) -> 318.43418

Sheet 6
B1: Цикл 3 (01.03.24) | K1: Аз скв | L1: 180
A2: Глубина | B2: X1 | C2: X2 | D2: X абсолютное (угл. Сек) | E2: Перемещение по X, (мм), 01.03.24 | F2: Y1 | G2: Y2 | H2: Y абсолютное (угл. Сек) | I2: Перемещение по Y, (мм), 15.03.24 | J2: Суммарное перемещение, мм | K2: Азимут (в системе координат скважины) | L2: Азимут, абсолютный | M2: D сев | N2: D восток | O2: ΔD сев | P2: ΔD восток | Q2: ΔD | S2: Аз откл
A3: -0.5 | B3: -3764 | C3: 163 | D3: =(B3-C3)/2 -> -1963.5 | E3: =0.5*SIN(D3/3600*PI()/180)*1000+E4 -> -200.38156 | F3: -3702 | G3: 228 | H3: =(F3-G3)/2 -> -1965 | I3: =0.5*SIN(H3/3600*PI()/180)*1000+I4 -> -202.1838 | J3: =SQRT(E3^2+I3^2) -> 284.65954 | K3: =IF(E3>=0,180-DEGREES(ASIN(-I3/J3)),IF(E3<0,DEGREES(ASIN(-I3/J3)),360-DEGREES(ASIN(I3/J3)))) -> 45.256505 | L3: =IF((K3+$L$1)<=360,K3+$L$1,K3+$L$1-360) -> 225.25651 | M3: =J3*COS(RADIANS(L3)) -> -200.38156 | N3: =J3*SIN(RADIANS(L3)) -> -202.1838 | O3: =M3-'"0" цикл 24.06'!#REF! -> #REF! | P3: =N3-'"0" цикл 24.06'!#REF! -> #REF! | Q3: =SQRT(O3^2+P3^2) -> #REF! | R3: =IF(Q3=0,0,IF(O3>=0,DEGREES(ASIN(P3/Q3)),(180-DEGREES(ASIN(P3/Q3))))) -> #REF! | S3: =IF(R3<0,360+R3,R3) -> #REF!
A4: 0 | B4: -3132 | C4: -482 | D4: =(B4-C4)/2 -> -1325 | E4: =0.5*SIN(D4/3600*PI()/180)*1000+E5 -> -195.62197 | F4: -3010 | G4: -428 | H4: =(F4-G4)/2 -> -1291 | I4: =0.5*SIN(H4/3600*PI()/180)*1000+I5 -> -197.42057 | J4: =SQRT(E4^2+I4^2) -> 277.92596 | K4: =IF(E4>=0,180-DEGREES(ASIN(-I4/J4)),IF(E4<0,DEGREES(ASIN(-I4/J4)),360-DEGREES(ASIN(I4/J4)))) -> 45.26219 | L4: =IF((K4+$L$1)<=360,K4+$L$1,K4+$L$1-360) -> 225.26219 | M4: =J4*COS(RADIANS(L4)) -> -195.62197 | N4: =J4*SIN(RADIANS(L4)) -> -197.42057 | O4: =M4-'"0" цикл 24.06'!M3 -> 516.92184 | P4: =N4-'"0" цикл 24.06'!N3 -> -784.12197 | Q4: =SQRT(O4^2+P4^2) -> 939.17808 | R4: =IF(Q4=0,0,IF(O4>=0,DEGREES(ASIN(P4/Q4)),(180-DEGREES(ASIN(P4/Q4))))) -> -56.605671 | S4: =IF(R4<0,360+R4,R4) -> 303.39433
A5: 0.5 | B5: -2392 | C5: -1218 | D5: =(B5-C5)/2 -> -587 | E5: =0.5*SIN(D5/3600*PI()/180)*1000+E6 -> -192.4101 | F5: -2302 | G5: -1171 | H5: =(F5-G5)/2 -> -565.5 | I5: =0.5*SIN(H5/3600*PI()/180)*1000+I6 -> -194.29112 | J5: =SQRT(E5^2+I5^2) -> 273.44229 | K5: =IF(E5>=0,180-DEGREES(ASIN(-I5/J5)),IF(E5<0,DEGREES(ASIN(-I5/J5)),360-DEGREES(ASIN(I5/J5)))) -> 45.2787 | L5: =IF((K5+$L$1)<=360,K5+$L$1,K5+$L$1-360) -> 225.2787 | M5: =J5*COS(RADIANS(L5)) -> -192.4101 | N5: =J5*SIN(RADIANS(L5)) -> -194.29112 | O5: =M5-'"0" цикл 24.06'!M4 -> 524.61381 | P5: =N5-'"0" цикл 24.06'!N4 -> -786.51214 | Q5: =SQRT(O5^2+P5^2) -> 945.42107 | R5: =IF(Q5=0,0,IF(O5>=0,DEGREES(ASIN(P5/Q5)),(180-DEGREES(ASIN(P5/Q5))))) -> -56.296197 | S5: =IF(R5<0,360+R5,R5) -> 303.7038
A6: 1 | B6: -2936 | C6: -637 | D6: =(B6-C6)/2 -> -1149.5 | E6: =0.5*SIN(D6/3600*PI()/180)*1000+E7 -> -190.98717 | F6: -2912 | G6: -547 | H6: =(F6-G6)/2 -> -1182.5 | I6: =0.5*SIN(H6/3600*PI()/180)*1000+I7 -> -192.92031 | J6: =SQRT(E6^2+I6^2) -> 271.46703 | K6: =IF(E6>=0,180-DEGREES(ASIN(-I6/J6)),IF(E6<0,DEGREES(ASIN(-I6/J6)),360-DEGREES(ASIN(I6/J6)))) -> 45.288506 | L6: =IF((K6+$L$1)<=360,K6+$L$1,K6+$L$1-360) -> 225.28851 | M6: =J6*COS(RADIANS(L6)) -> -190.98717 | N6: =J6*SIN(RADIANS(L6)) -> -192.92031 | O6: =M6-'"0" цикл 24.06'!M5 -> 532.66298 | P6: =N6-'"0" цикл 24.06'!N5 -> -792.60718 | Q6: =SQRT(O6^2+P6^2) -> 954.96387 | R6: =IF(Q6=0,0,IF(O6>=0,DEGREES(ASIN(P6/Q6)),(180-DEGREES(ASIN(P6/Q6))))) -> -56.097358 | S6: =IF(R6<0,360+R6,R6) -> 303.90264
A7: 1.5 | B7: -3302 | C7: -308 | D7: =(B7-C7)/2 -> -1497 | E7: =0.5*SIN(D7/3600*PI()/180)*1000+E8 -> -188.20072 | F7: -3200 | G7: -222 | H7: =(F7-G7)/2 -> -1489 | I7: =0.5*SIN(H7/3600*PI()/180)*1000+I8 -> -190.05387 | J7: =SQRT(E7^2+I7^2) -> 267.4696 | K7: =IF(E7>=0,180-DEGREES(ASIN(-I7/J7)),IF(E7<0,DEGREES(ASIN(-I7/J7)),360-DEGREES(ASIN(I7/J7)))) -> 45.280701 | L7: =IF((K7+$L$1)<=360,K7+$L$1,K7+$L$1-360) -> 225.2807 | M7: =J7*COS(RADIANS(L7)) -> -188.20072 | N7: =J7*SIN(RADIANS(L7)) -> -190.05387 | O7: =M7-'"0" цикл 24.06'!M6 -> 540.03849 | P7: =N7-'"0" цикл 24.06'!N6 -> -795.54479 | Q7: =SQRT(O7^2+P7^2) -> 961.52644 | R7: =IF(Q7=0,0,IF(O7>=0,DEGREES(ASIN(P7/Q7)),(180-DEGREES(ASIN(P7/Q7))))) -> -55.830221 | S7: =IF(R7<0,360+R7,R7) -> 304.16978
A8: 2 | B8: -3018 | C8: -669 | D8: =(B8-C8)/2 -> -1174.5 | E8: =0.5*SIN(D8/3600*PI()/180)*1000+E9 -> -184.57192 | F8: -2928 | G8: -615 | H8: =(F8-G8)/2 -> -1156.5 | I8: =0.5*SIN(H8/3600*PI()/180)*1000+I9 -> -186.44446 | J8: =SQRT(E8^2+I8^2) -> 262.35154 | K8: =IF(E8>=0,180-DEGREES(ASIN(-I8/J8)),IF(E8<0,DEGREES(ASIN(-I8/J8)),360-DEGREES(ASIN(I8/J8)))) -> 45.289172 | L8: =IF((K8+$L$1)<=360,K8+$L$1,K8+$L$1-360) -> 225.28917 | M8: =J8*COS(RADIANS(L8)) -> -184.57192 | N8: =J8*SIN(RADIANS(L8)) -> -186.44446 | O8: =M8-'"0" цикл 24.06'!M7 -> 545.91233 | P8: =N8-'"0" цикл 24.06'!N7 -> -795.19852 | Q8: =SQRT(O8^2+P8^2) -> 964.55221 | R8: =IF(Q8=0,0,IF(O8>=0,DEGREES(ASIN(P8/Q8)),(180-DEGREES(ASIN(P8/Q8))))) -> -55.529983 | S8: =IF(R8<0,360+R8,R8) -> 304.47002
A9: 2.5 | B9: -3583 | C9: 91 | D9: =(B9-C9)/2 -> -1837 | E9: =0.5*SIN(D9/3600*PI()/180)*1000+E10 -> -181.72487 | F9: -3558 | G9: 171 | H9: =(F9-G9)/2 -> -1864.5 | I9: =0.5*SIN(H9/3600*PI()/180)*1000+I10 -> -183.64104 | J9: =SQRT(E9^2+I9^2) -> 258.35627 | K9: =IF(E9>=0,180-DEGREES(ASIN(-I9/J9)),IF(E9<0,DEGREES(ASIN(-I9/J9)),360-DEGREES(ASIN(I9/J9)))) -> 45.300486 | L9: =IF((K9+$L$1)<=360,K9+$L$1,K9+$L$1-360) -> 225.30049 | M9: =J9*COS(RADIANS(L9)) -> -181.72487 | N9: =J9*SIN(RADIANS(L9)) -> -183.64104 | O9: =M9-'"0" цикл 24.06'!M8 -> 549.50854 | P9: =N9-'"0" цикл 24.06'!N8 -> -794.29799 | Q9: =SQRT(O9^2+P9^2) -> 965.85141 | R9: =IF(Q9=0,0,IF(O9>=0,DEGREES(ASIN(P9/Q9)),(180-DEGREES(ASIN(P9/Q9))))) -> -55.323871 | S9: =IF(R9<0,360+R9,R9) -> 304.67613
A10: 3 | B10: -3849 | C10: 267 | D10: =(B10-C10)/2 -> -2058 | E10: =0.5*SIN(D10/3600*PI()/180)*1000+E11 -> -177.27192 | F10: -3765 | G10: 350 | H10: =(F10-G10)/2 -> -2057.5 | I10: =0.5*SIN(H10/3600*PI()/180)*1000+I11 -> -179.12143 | J10: =SQRT(E10^2+I10^2) -> 252.01154 | K10: =IF(E10>=0,180-DEGREES(ASIN(-I10/J10)),IF(E10<0,DEGREES(ASIN(-I10/J10)),360-DEGREES(ASIN(I10/J10)))) -> 45.297335 | L10: =IF((K10+$L$1)<=360,K10+$L$1,K10+$L$1-360) -> 225.29733 | M10: =J10*COS(RADIANS(L10)) -> -177.27192 | N10: =J10*SIN(RADIANS(L10)) -> -179.12143 | O10: =M10-'"0" цикл 24.06'!M9 -> 553.01345 | P10: =N10-'"0" цикл 24.06'!N9 -> -789.97315 | Q10: =SQRT(O10^2+P10^2) -> 964.30361 | R10: =IF(Q10=0,0,IF(O10>=0,DEGREES(ASIN(P10/Q10)),(180-DEGREES(ASIN(P10/Q10))))) -> -55.00641 | S10: =IF(R10<0,360+R10,R10) -> 304.99359
A11: 3.5 | B11: -3933 | C11: 340 | D11: =(B11-C11)/2 -> -2136.5 | E11: =0.5*SIN(D11/3600*PI()/180)*1000+E12 -> -172.28327 | F11: -4262 | G11: 374 | H11: =(F11-G11)/2 -> -2318 | I11: =0.5*SIN(H11/3600*PI()/180)*1000+I12 -> -174.13399 | J11: =SQRT(E11^2+I11^2) -> 244.95749 | K11: =IF(E11>=0,180-DEGREES(ASIN(-I11/J11)),IF(E11<0,DEGREES(ASIN(-I11/J11)),360-DEGREES(ASIN(I11/J11)))) -> 45.306098 | L11: =IF((K11+$L$1)<=360,K11+$L$1,K11+$L$1-360) -> 225.3061 | M11: =J11*COS(RADIANS(L11)) -> -172.28327 | N11: =J11*SIN(RADIANS(L11)) -> -174.13399 | O11: =M11-'"0" цикл 24.06'!M10 -> 555.08753 | P11: =N11-'"0" цикл 24.06'!N10 -> -783.11373 | Q11: =SQRT(O11^2+P11^2) -> 959.89025 | R11: =IF(Q11=0,0,IF(O11>=0,DEGREES(ASIN(P11/Q11)),(180-DEGREES(ASIN(P11/Q11))))) -> -54.670181 | S11: =IF(R11<0,360+R11,R11) -> 305.32982
A12: 4 | B12: -4528 | C12: 935 | D12: =(B12-C12)/2 -> -2731.5 | E12: =0.5*SIN(D12/3600*PI()/180)*1000+E13 -> -167.10434 | F12: -4510 | G12: 1097 | H12: =(F12-G12)/2 -> -2803.5 | I12: =0.5*SIN(H12/3600*PI()/180)*1000+I13 -> -168.51512 | J12: =SQRT(E12^2+I12^2) -> 237.32089 | K12: =IF(E12>=0,180-DEGREES(ASIN(-I12/J12)),IF(E12<0,DEGREES(ASIN(-I12/J12)),360-DEGREES(ASIN(I12/J12)))) -> 45.240842 | L12: =IF((K12+$L$1)<=360,K12+$L$1,K12+$L$1-360) -> 225.24084 | M12: =J12*COS(RADIANS(L12)) -> -167.10434 | N12: =J12*SIN(RADIANS(L12)) -> -168.51512 | O12: =M12-'"0" цикл 24.06'!M11 -> 555.61014 | P12: =N12-'"0" цикл 24.06'!N11 -> -773.59263 | Q12: =SQRT(O12^2+P12^2) -> 952.44327 | R12: =IF(Q12=0,0,IF(O12>=0,DEGREES(ASIN(P12/Q12)),(180-DEGREES(ASIN(P12/Q12))))) -> -54.313315 | S12: =IF(R12<0,360+R12,R12) -> 305.68668
A13: 4.5 | B13: -5716 | C13: 2116 | D13: =(B13-C13)/2 -> -3916 | E13: =0.5*SIN(D13/3600*PI()/180)*1000+E14 -> -160.48319 | F13: -5668 | G13: 2227 | H13: =(F13-G13)/2 -> -3947.5 | I13: =0.5*SIN(H13/3600*PI()/180)*1000+I14 -> -161.71945 | J13: =SQRT(E13^2+I13^2) -> 227.83335 | K13: =IF(E13>=0,180-DEGREES(ASIN(-I13/J13)),IF(E13<0,DEGREES(ASIN(-I13/J13)),360-DEGREES(ASIN(I13/J13)))) -> 45.219838 | L13: =IF((K13+$L$1)<=360,K13+$L$1,K13+$L$1-360) -> 225.21984 | M13: =J13*COS(RADIANS(L13)) -> -160.48319 | N13: =J13*SIN(RADIANS(L13)) -> -161.71945 | O13: =M13-'"0" цикл 24.06'!M12 -> 558.02182 | P13: =N13-'"0" цикл 24.06'!N12 -> -763.81477 | Q13: =SQRT(O13^2+P13^2) -> 945.93941 | R13: =IF(Q13=0,0,IF(O13>=0,DEGREES(ASIN(P13/Q13)),(180-DEGREES(ASIN(P13/Q13))))) -> -53.849175 | S13: =IF(R13<0,360+R13,R13) -> 306.15082
A14: 5 | B14: -7080 | C14: 3467 | D14: =(B14-C14)/2 -> -5273.5 | E14: =0.5*SIN(D14/3600*PI()/180)*1000+E15 -> -150.99111 | F14: -7005 | G14: 3515 | H14: =(F14-G14)/2 -> -5260 | I14: =0.5*SIN(H14/3600*PI()/180)*1000+I15 -> -152.15102 | J14: =SQRT(E14^2+I14^2) -> 214.35542 | K14: =IF(E14>=0,180-DEGREES(ASIN(-I14/J14)),IF(E14<0,DEGREES(ASIN(-I14/J14)),360-DEGREES(ASIN(I14/J14)))) -> 45.219231 | L14: =IF((K14+$L$1)<=360,K14+$L$1,K14+$L$1-360) -> 225.21923 | M14: =J14*COS(RADIANS(L14)) -> -150.99111 | N14: =J14*SIN(RADIANS(L14)) -> -152.15102 | O14: =M14-'"0" цикл 24.06'!M13 -> 564.94295 | P14: =N14-'"0" цикл 24.06'!N13 -> -752.69167 | Q14: =SQRT(O14^2+P14^2) -> 941.11917 | R14: =IF(Q14=0,0,IF(O14>=0,DEGREES(ASIN(P14/Q14)),(180-DEGREES(ASIN(P14/Q14))))) -> -53.109442 | S14: =IF(R14<0,360+R14,R14) -> 306.89056
A15: 5.5 | B15: -8056 | C15: 4521 | D15: =(B15-C15)/2 -> -6288.5 | E15: =0.5*SIN(D15/3600*PI()/180)*1000+E16 -> -138.20917 | F15: -8031 | G15: 4599 | H15: =(F15-G15)/2 -> -6315 | I15: =0.5*SIN(H15/3600*PI()/180)*1000+I16 -> -139.40181 | J15: =SQRT(E15^2+I15^2) -> 196.30242 | K15: =IF(E15>=0,180-DEGREES(ASIN(-I15/J15)),IF(E15<0,DEGREES(ASIN(-I15/J15)),360-DEGREES(ASIN(I15/J15)))) -> 45.246144 | L15: =IF((K15+$L$1)<=360,K15+$L$1,K15+$L$1-360) -> 225.24614 | M15: =J15*COS(RADIANS(L15)) -> -138.20917 | N15: =J15*SIN(RADIANS(L15)) -> -139.40181 | O15: =M15-'"0" цикл 24.06'!M14 -> 577.62452 | P15: =N15-'"0" цикл 24.06'!N14 -> -740.84118 | Q15: =SQRT(O15^2+P15^2) -> 939.41245 | R15: =IF(Q15=0,0,IF(O15>=0,DEGREES(ASIN(P15/Q15)),(180-DEGREES(ASIN(P15/Q15))))) -> -52.056907 | S15: =IF(R15<0,360+R15,R15) -> 307.94309
... A53: 24.5 | B53: -632 | C53: -2847 | D53: =(B53-C53)/2 -> 1107.5 | E53: =0.5*SIN(D53/3600*PI()/180)*1000+E54 -> 5.3692857 | F53: -548 | G53: -2662 | H53: =(F53-G53)/2 -> 1057 | I53: =0.5*SIN(H53/3600*PI()/180)*1000+I54 -> 5.1244582 | J53: =SQRT(E53^2+I53^2) -> 7.4222167 | K53: =IF(E53>=0,180-DEGREES(ASIN(-I53/J53)),IF(E53<0,DEGREES(ASIN(-I53/J53)),360-DEGREES(ASIN(I53/J53)))) -> 223.66349 | L53: =IF((K53+$L$1)<=360,K53+$L$1,K53+$L$1-360) -> 43.663486 | M53: =J53*COS(RADIANS(L53)) -> 5.3692857 | N53: =J53*SIN(RADIANS(L53)) -> 5.1244582 | O53: =M53-'"0" цикл 24.06'!M52 -> 703.7103 | P53: =N53-'"0" цикл 24.06'!N52 -> -618.16731 | Q53: =SQRT(O53^2+P53^2) -> 936.66377 | R53: =IF(Q53=0,0,IF(O53>=0,DEGREES(ASIN(P53/Q53)),(180-DEGREES(ASIN(P53/Q53))))) -> -41.297367 | S53: =IF(R53<0,360+R53,R53) -> 318.70263
A54: 25 | B54: -632 | C54: -2847 | D54: =(B54-C54)/2 -> 1107.5 | E54: =0.5*SIN(D54/3600*PI()/180)*1000+E55 -> 2.6846429 | F54: -548 | G54: -2662 | H54: =(F54-G54)/2 -> 1057 | I54: =0.5*SIN(H54/3600*PI()/180)*1000+I55 -> 2.5622291 | J54: =SQRT(E54^2+I54^2) -> 3.7111084 | K54: =IF(E54>=0,180-DEGREES(ASIN(-I54/J54)),IF(E54<0,DEGREES(ASIN(-I54/J54)),360-DEGREES(ASIN(I54/J54)))) -> 223.66349 | L54: 0 | M54: =J54*COS(RADIANS(L54)) -> 3.7111084 | N54: =J54*SIN(RADIANS(L54)) -> 0 | O54: =M54-'"0" цикл 24.06'!M53 -> 687.02371 | P54: =N54-'"0" цикл 24.06'!N53 -> -609.23572 | Q54: =SQRT(O54^2+P54^2) -> 918.24275 | R54: =IF(Q54=0,0,IF(O54>=0,DEGREES(ASIN(P54/Q54)),(180-DEGREES(ASIN(P54/Q54))))) -> -41.565822 | S54: =IF(R54<0,360+R54,R54) -> 318.43418

Sheet 7
B1: Цикл 3 (01.03.24) | K1: Аз скв | L1: 180
A2: Глубина | B2: X1 | C2: X2 | D2: X абсолютное (угл. Сек) | E2: Перемещение по X, (мм), 01.03.24 | F2: Y1 | G2: Y2 | H2: Y абсолютное (угл. Сек) | I2: Перемещение по Y, (мм), 15.03.24 | J2: Суммарное перемещение, мм | K2: Азимут (в системе координат скважины) | L2: Азимут, абсолютный | M2: D сев | N2: D восток | O2: ΔD сев | P2: ΔD восток | Q2: ΔD | S2: Аз откл
A3: -0.5 | B3: -3764 | C3: 163 | D3: =(B3-C3)/2 -> -1963.5 | E3: =0.5*SIN(D3/3600*PI()/180)*1000+E4 -> -200.38156 | F3: -3702 | G3: 228 | H3: =(F3-G3)/2 -> -1965 | I3: =0.5*SIN(H3/3600*PI()/180)*1000+I4 -> -202.1838 | J3: =SQRT(E3^2+I3^2) -> 284.65954 | K3: =IF(E3>=0,180-DEGREES(ASIN(-I3/J3)),IF(E3<0,DEGREES(ASIN(-I3/J3)),360-DEGREES(ASIN(I3/J3)))) -> 45.256505 | L3: =IF((K3+$L$1)<=360,K3+$L$1,K3+$L$1-360) -> 225.25651 | M3: =J3*COS(RADIANS(L3)) -> -200.38156 | N3: =J3*SIN(RADIANS(L3)) -> -202.1838 | O3: =M3-'"0" цикл 24.06'!#REF! -> #REF! | P3: =N3-'"0" цикл 24.06'!#REF! -> #REF! | Q3: =SQRT(O3^2+P3^2) -> #REF! | R3: =IF(Q3=0,0,IF(O3>=0,DEGREES(ASIN(P3/Q3)),(180-DEGREES(ASIN(P3/Q3))))) -> #REF! | S3: =IF(R3<0,360+R3,R3) -> #REF!
A4: 0 | B4: -3132 | C4: -482 | D4: =(B4-C4)/2 -> -1325 | E4: =0.5*SIN(D4/3600*PI()/180)*1000+E5 -> -195.62197 | F4: -3010 | G4: -428 | H4: =(F4-G4)/2 -> -1291 | I4: =0.5*SIN(H4/3600*PI()/180)*1000+I5 -> -197.42057 | J4: =SQRT(E4^2+I4^2) -> 277.92596 | K4: =IF(E4>=0,180-DEGREES(ASIN(-I4/J4)),IF(E4<0,DEGREES(ASIN(-I4/J4)),360-DEGREES(ASIN(I4/J4)))) -> 45.26219 | L4: =IF((K4+$L$1)<=360,K4+$L$1,K4+$L$1-360) -> 225.26219 | M4: =J4*COS(RADIANS(L4)) -> -195.62197 | N4: =J4*SIN(RADIANS(L4)) -> -197.42057 | O4: =M4-'"0" цикл 24.06'!M3 -> 516.92184 | P4: =N4-'"0" цикл 24.06'!N3 -> -784.12197 | Q4: =SQRT(O4^2+P4^2) -> 939.17808 | R4: =IF(Q4=0,0,IF(O4>=0,DEGREES(ASIN(P4/Q4)),(180-DEGREES(ASIN(P4/Q4))))) -> -56.605671 | S4: =IF(R4<0,360+R4,R4) -> 303.39433
A5: 0.5 | B5: -2392 | C5: -1218 | D5: =(B5-C5)/2 -> -587 | E5: =0.5*SIN(D5/3600*PI()/180)*1000+E6 -> -192.4101 | F5: -2302 | G5: -1171 | H5: =(F5-G5)/2 -> -565.5 | I5: =0.5*SIN(H5/3600*PI()/180)*1000+I6 -> -194.29112 | J5: =SQRT(E5^2+I5^2) -> 273.44229 | K5: =IF(E5>=0,180-DEGREES(ASIN(-I5/J5)),IF(E5<0,DEGREES(ASIN(-I5/J5)),360-DEGREES(ASIN(I5/J5)))) -> 45.2787 | L5: =IF((K5+$L$1)<=360,K5+$L$1,K5+$L$1-360) -> 225.2787 | M5: =J5*COS(RADIANS(L5)) -> -192.4101 | N5: =J5*SIN(RADIANS(L5)) -> -194.29112 | O5: =M5-'"0" цикл 24.06'!M4 -> 524.61381 | P5: =N5-'"0" цикл 24.06'!N4 -> -786.51214 | Q5: =SQRT(O5^2+P5^2) -> 945.42107 | R5: =IF(Q5=0,0,IF(O5>=0,DEGREES(ASIN(P5/Q5)),(180-DEGREES(ASIN(P5/Q5))))) -> -56.296197 | S5: =IF(R5<0,360+R5,R5) -> 303.7038
A6: 1 | B6: -2936 | C6: -637 | D6: =(B6-C6)/2 -> -1149.5 | E6: =0.5*SIN(D6/3600*PI()/180)*1000+E7 -> -190.98717 | F6: -2912 | G6: -547 | H6: =(F6-G6)/2 -> -1182.5 | I6: =0.5*SIN(H6/3600*PI()/180)*1000+I7 -> -192.92031 | J6: =SQRT(E6^2+I6^2) -> 271.46703 | K6: =IF(E6>=0,180-DEGREES(ASIN(-I6/J6)),IF(E6<0,DEGREES(ASIN(-I6/J6)),360-DEGREES(ASIN(I6/J6)))) -> 45.288506 | L6: =IF((K6+$L$1)<=360,K6+$L$1,K6+$L$1-360) -> 225.28851 | M6: =J6*COS(RADIANS(L6)) -> -190.98717 | N6: =J6*SIN(RADIANS(L6)) -> -192.92031 | O6: =M6-'"0" цикл 24.06'!M5 -> 532.66298 | P6: =N6-'"0" цикл 24.06'!N5 -> -792.60718 | Q6: =SQRT(O6^2+P6^2) -> 954.96387 | R6: =IF(Q6=0,0,IF(O6>=0,DEGREES(ASIN(P6/Q6)),(180-DEGREES(ASIN(P6/Q6))))) -> -56.097358 | S6: =IF(R6<0,360+R6,R6) -> 303.90264
A7: 1.5 | B7: -3302 | C7: -308 | D7: =(B7-C7)/2 -> -1497 | E7: =0.5*SIN(D7/3600*PI()/180)*1000+E8 -> -188.20072 | F7: -3200 | G7: -222 | H7: =(F7-G7)/2 -> -1489 | I7: =0.5*SIN(H7/3600*PI()/180)*1000+I8 -> -190.05387 | J7: =SQRT(E7^2+I7^2) -> 267.4696 | K7: =IF(E7>=0,180-DEGREES(ASIN(-I7/J7)),IF(E7<0,DEGREES(ASIN(-I7/J7)),360-DEGREES(ASIN(I7/J7)))) -> 45.280701 | L7: =IF((K7+$L$1)<=360,K7+$L$1,K7+$L$1-360) -> 225.2807 | M7: =J7*COS(RADIANS(L7)) -> -188.20072 | N7: =J7*SIN(RADIANS(L7)) -> -190.05387 | O7: =M7-'"0" цикл 24.06'!M6 -> 540.03849 | P7: =N7-'"0" цикл 24.06'!N6 -> -795.54479 | Q7: =SQRT(O7^2+P7^2) -> 961.52644 | R7: =IF(Q7=0,0,IF(O7>=0,DEGREES(ASIN(P7/Q7)),(180-DEGREES(ASIN(P7/Q7))))) -> -55.830221 | S7: =IF(R7<0,360+R7,R7) -> 304.16978
A8: 2 | B8: -3018 | C8: -669 | D8: =(B8-C8)/2 -> -1174.5 | E8: =0.5*SIN(D8/3600*PI()/180)*1000+E9 -> -184.57192 | F8: -2928 | G8: -615 | H8: =(F8-G8)/2 -> -1156.5 | I8: =0.5*SIN(H8/3600*PI()/180)*1000+I9 -> -186.44446 | J8: =SQRT(E8^2+I8^2) -> 262.35154 | K8: =IF(E8>=0,180-DEGREES(ASIN(-I8/J8)),IF(E8<0,DEGREES(ASIN(-I8/J8)),360-DEGREES(ASIN(I8/J8)))) -> 45.289172 | L8: =IF((K8+$L$1)<=360,K8+$L$1,K8+$L$1-360) -> 225.28917 | M8: =J8*COS(RADIANS(L8)) -> -184.57192 | N8: =J8*SIN(RADIANS(L8)) -> -186.44446 | O8: =M8-'"0" цикл 24.06'!M7 -> 545.91233 | P8: =N8-'"0" цикл 24.06'!N7 -> -795.19852 | Q8: =SQRT(O8^2+P8^2) -> 964.55221 | R8: =IF(Q8=0,0,IF(O8>=0,DEGREES(ASIN(P8/Q8)),(180-DEGREES(ASIN(P8/Q8))))) -> -55.529983 | S8: =IF(R8<0,360+R8,R8) -> 304.47002
A9: 2.5 | B9: -3583 | C9: 91 | D9: =(B9-C9)/2 -> -1837 | E9: =0.5*SIN(D9/3600*PI()/180)*1000+E10 -> -181.72487 | F9: -3558 | G9: 171 | H9: =(F9-G9)/2 -> -1864.5 | I9: =0.5*SIN(H9/3600*PI()/180)*1000+I10 -> -183.64104 | J9: =SQRT(E9^2+I9^2) -> 258.35627 | K9: =IF(E9>=0,180-DEGREES(ASIN(-I9/J9)),IF(E9<0,DEGREES(ASIN(-I9/J9)),360-DEGREES(ASIN(I9/J9)))) -> 45.300486 | L9: =IF((K9+$L$1)<=360,K9+$L$1,K9+$L$1-360) -> 225.30049 | M9: =J9*COS(RADIANS(L9)) -> -181.72487 | N9: =J9*SIN(RADIANS(L9)) -> -183.64104 | O9: =M9-'"0" цикл 24.06'!M8 -> 549.50854 | P9: =N9-'"0" цикл 24.06'!N8 -> -794.29799 | Q9: =SQRT(O9^2+P9^2) -> 965.85141 | R9: =IF(Q9=0,0,IF(O9>=0,DEGREES(ASIN(P9/Q9)),(180-DEGREES(ASIN(P9/Q9))))) -> -55.323871 | S9: =IF(R9<0,360+R9,R9) -> 304.67613
A10: 3 | B10: -3849 | C10: 267 | D10: =(B10-C10)/2 -> -2058 | E10: =0.5*SIN(D10/3600*PI()/180)*1000+E11 -> -177.27192 | F10: -3765 | G10: 350 | H10: =(F10-G10)/2 -> -2057.5 | I10: =0.5*SIN(H10/3600*PI()/180)*1000+I11 -> -179.12143 | J10: =SQRT(E10^2+I10^2) -> 252.01154 | K10: =IF(E10>=0,180-DEGREES(ASIN(-I10/J10)),IF(E10<0,DEGREES(ASIN(-I10/J10)),360-DEGREES(ASIN(I10/J10)))) -> 45.297335 | L10: =IF((K10+$L$1)<=360,K10+$L$1,K10+$L$1-360) -> 225.29733 | M10: =J10*COS(RADIANS(L10)) -> -177.27192 | N10: =J10*SIN(RADIANS(L10)) -> -179.12143 | O10: =M10-'"0" цикл 24.06'!M9 -> 553.01345 | P10: =N10-'"0" цикл 24.06'!N9 -> -789.97315 | Q10: =SQRT(O10^2+P10^2) -> 964.30361 | R10: =IF(Q10=0,0,IF(O10>=0,DEGREES(ASIN(P10/Q10)),(180-DEGREES(ASIN(P10/Q10))))) -> -55.00641 | S10: =IF(R10<0,360+R10,R10) -> 304.99359
A11: 3.5 | B11: -3933 | C11: 340 | D11: =(B11-C11)/2 -> -2136.5 | E11: =0.5*SIN(D11/3600*PI()/180)*1000+E12 -> -172.28327 | F11: -4262 | G11: 374 | H11: =(F11-G11)/2 -> -2318 | I11: =0.5*SIN(H11/3600*PI()/180)*1000+I12 -> -174.13399 | J11: =SQRT(E11^2+I11^2) -> 244.95749 | K11: =IF(E11>=0,180-DEGREES(ASIN(-I11/J11)),IF(E11<0,DEGREES(ASIN(-I11/J11)),360-DEGREES(ASIN(I11/J11)))) -> 45.306098 | L11: =IF((K11+$L$1)<=360,K11+$L$1,K11+$L$1-360) -> 225.3061 | M11: =J11*COS(RADIANS(L11)) -> -172.28327 | N11: =J11*SIN(RADIANS(L11)) -> -174.13399 | O11: =M11-'"0" цикл 24.06'!M10 -> 555.08753 | P11: =N11-'"0" цикл 24.06'!N10 -> -783.11373 | Q11: =SQRT(O11^2+P11^2) -> 959.89025 | R11: =IF(Q11=0,0,IF(O11>=0,DEGREES(ASIN(P11/Q11)),(180-DEGREES(ASIN(P11/Q11))))) -> -54.670181 | S11: =IF(R11<0,360+R11,R11) -> 305.32982
A12: 4 | B12: -4528 | C12: 935 | D12: =(B12-C12)/2 -> -2731.5 | E12: =0.5*SIN(D12/3600*PI()/180)*1000+E13 -> -167.10434 | F12: -4510 | G12: 1097 | H12: =(F12-G12)/2 -> -2803.5 | I12: =0.5*SIN(H12/3600*PI()/180)*1000+I13 -> -168.51512 | J12: =SQRT(E12^2+I12^2) -> 237.32089 | K12: =IF(E12>=0,180-DEGREES(ASIN(-I12/J12)),IF(E12<0,DEGREES(ASIN(-I12/J12)),360-DEGREES(ASIN(I12/J12)))) -> 45.240842 | L12: =IF((K12+$L$1)<=360,K12+$L$1,K12+$L$1-360) -> 225.24084 | M12: =J12*COS(RADIANS(L12)) -> -167.10434 | N12: =J12*SIN(RADIANS(L12)) -> -168.51512 | O12: =M12-'"0" цикл 24.06'!M11 -> 555.61014 | P12: =N12-'"0" цикл 24.06'!N11 -> -773.59263 | Q12: =SQRT(O12^2+P12^2) -> 952.44327 | R12: =IF(Q12=0,0,IF(O12>=0,DEGREES(ASIN(P12/Q12)),(180-DEGREES(ASIN(P12/Q12))))) -> -54.313315 | S12: =IF(R12<0,360+R12,R12) -> 305.68668
A13: 4.5 | B13: -5716 | C13: 2116 | D13: =(B13-C13)/2 -> -3916 | E13: =0.5*SIN(D13/3600*PI()/180)*1000+E14 -> -160.48319 | F13: -5668 | G13: 2227 | H13: =(F13-G13)/2 -> -3947.5 | I13: =0.5*SIN(H13/3600*PI()/180)*1000+I14 -> -161.71945 | J13: =SQRT(E13^2+I13^2) -> 227.83335 | K13: =IF(E13>=0,180-DEGREES(ASIN(-I13/J13)),IF(E13<0,DEGREES(ASIN(-I13/J13)),360-DEGREES(ASIN(I13/J13)))) -> 45.219838 | L13: =IF((K13+$L$1)<=360,K13+$L$1,K13+$L$1-360) -> 225.21984 | M13: =J13*COS(RADIANS(L13)) -> -160.48319 | N13: =J13*SIN(RADIANS(L13)) -> -161.71945 | O13: =M13-'"0" цикл 24.06'!M12 -> 558.02182 | P13: =N13-'"0" цикл 24.06'!N12 -> -763.81477 | Q13: =SQRT(O13^2+P13^2) -> 945.93941 | R13: =IF(Q13=0,0,IF(O13>=0,DEGREES(ASIN(P13/Q13)),(180-DEGREES(ASIN(P13/Q13))))) -> -53.849175 | S13: =IF(R13<0,360+R13,R13) -> 306.15082
A14: 5 | B14: -7080 | C14: 3467 | D14: =(B14-C14)/2 -> -5273.5 | E14: =0.5*SIN(D14/3600*PI()/180)*1000+E15 -> -150.99111 | F14: -7005 | G14: 3515 | H14: =(F14-G14)/2 -> -5260 | I14: =0.5*SIN(H14/3600*PI()/180)*1000+I15 -> -152.15102 | J14: =SQRT(E14^2+I14^2) -> 214.35542 | K14: =IF(E14>=0,180-DEGREES(ASIN(-I14/J14)),IF(E14<0,DEGREES(ASIN(-I14/J14)),360-DEGREES(ASIN(I14/J14)))) -> 45.219231 | L14: =IF((K14+$L$1)<=360,K14+$L$1,K14+$L$1-360) -> 225.21923 | M14: =J14*COS(RADIANS(L14)) -> -150.99111 | N14: =J14*SIN(RADIANS(L14)) -> -152.15102 | O14: =M14-'"0" цикл 24.06'!M13 -> 564.94295 | P14: =N14-'"0" цикл 24.06'!N13 -> -752.69167 | Q14: =SQRT(O14^2+P14^2) -> 941.11917 | R14: =IF(Q14=0,0,IF(O14>=0,DEGREES(ASIN(P14/Q14)),(180-DEGREES(ASIN(P14/Q14))))) -> -53.109442 | S14: =IF(R14<0,360+R14,R14) -> 306.89056
A15: 5.5 | B15: -8056 | C15: 4521 | D15: =(B15-C15)/2 -> -6288.5 | E15: =0.5*SIN(D15/3600*PI()/180)*1000+E16 -> -138.20917 | F15: -8031 | G15: 4599 | H15: =(F15-G15)/2 -> -6315 | I15: =0.5*SIN(H15/3600*PI()/180)*1000+I16 -> -139.40181 | J15: =SQRT(E15^2+I15^2) -> 196.30242 | K15: =IF(E15>=0,180-DEGREES(ASIN(-I15/J15)),IF(E15<0,DEGREES(ASIN(-I15/J15)),360-DEGREES(ASIN(I15/J15)))) -> 45.246144 | L15: =IF((K15+$L$1)<=360,K15+$L$1,K15+$L$1-360) -> 225.24614 | M15: =J15*COS(RADIANS(L15)) -> -138.20917 | N15: =J15*SIN(RADIANS(L15)) -> -139.40181 | O15: =M15-'"0" цикл 24.06'!M14 -> 577.62452 | P15: =N15-'"0" цикл 24.06'!N14 -> -740.84118 | Q15: =SQRT(O15^2+P15^2) -> 939.41245 | R15: =IF(Q15=0,0,IF(O15>=0,DEGREES(ASIN(P15/Q15)),(180-DEGREES(ASIN(P15/Q15))))) -> -52.056907 | S15: =IF(R15<0,360+R15,R15) -> 307.94309
... A53: 24.5 | B53: -632 | C53: -2847 | D53: =(B53-C53)/2 -> 1107.5 | E53: =0.5*SIN(D53/3600*PI()/180)*1000+E54 -> 5.3692857 | F53: -548 | G53: -2662 | H53: =(F53-G53)/2 -> 1057 | I53: =0.5*SIN(H53/3600*PI()/180)*1000+I54 -> 5.1244582 | J53: =SQRT(E53^2+I53^2) -> 7.4222167 | K53: =IF(E53>=0,180-DEGREES(ASIN(-I53/J53)),IF(E53<0,DEGREES(ASIN(-I53/J53)),360-DEGREES(ASIN(I53/J53)))) -> 223.66349 | L53: =IF((K53+$L$1)<=360,K53+$L$1,K53+$L$1-360) -> 43.663486 | M53: =J53*COS(RADIANS(L53)) -> 5.3692857 | N53: =J53*SIN(RADIANS(L53)) -> 5.1244582 | O53: =M53-'"0" цикл 24.06'!M52 -> 703.7103 | P53: =N53-'"0" цикл 24.06'!N52 -> -618.16731 | Q53: =SQRT(O53^2+P53^2) -> 936.66377 | R53: =IF(Q53=0,0,IF(O53>=0,DEGREES(ASIN(P53/Q53)),(180-DEGREES(ASIN(P53/Q53))))) -> -41.297367 | S53: =IF(R53<0,360+R53,R53) -> 318.70263
A54: 25 | B54: -632 | C54: -2847 | D54: =(B54-C54)/2 -> 1107.5 | E54: =0.5*SIN(D54/3600*PI()/180)*1000+E55 -> 2.6846429 | F54: -548 | G54: -2662 | H54: =(F54-G54)/2 -> 1057 | I54: =0.5*SIN(H54/3600*PI()/180)*1000+I55 -> 2.5622291 | J54: =SQRT(E54^2+I54^2) -> 3.7111084 | K54: =IF(E54>=0,180-DEGREES(ASIN(-I54/J54)),IF(E54<0,DEGREES(ASIN(-I54/J54)),360-DEGREES(ASIN(I54/J54)))) -> 223.66349 | L54: 0 | M54: =J54*COS(RADIANS(L54)) -> 3.7111084 | N54: =J54*SIN(RADIANS(L54)) -> 0 | O54: =M54-'"0" цикл 24.06'!M53 -> 687.02371 | P54: =N54-'"0" цикл 24.06'!N53 -> -609.23572 | Q54: =SQRT(O54^2+P54^2) -> 918.24275 | R54: =IF(Q54=0,0,IF(O54>=0,DEGREES(ASIN(P54/Q54)),(180-DEGREES(ASIN(P54/Q54))))) -> -41.565822 | S54: =IF(R54<0,360+R54,R54) -> 318.43418

Sheet 8
B1: Цикл 3 (01.03.24) | K1: Аз скв | L1: 180
A2: Глубина | B2: X1 | C2: X2 | D2: X абсолютное (угл. Сек) | E2: Перемещение по X, (мм), 01.03.24 | F2: Y1 | G2: Y2 | H2: Y абсолютное (угл. Сек) | I2: Перемещение по Y, (мм), 15.03.24 | J2: Суммарное перемещение, мм | K2: Азимут (в системе координат скважины) | L2: Азимут, абсолютный | M2: D сев | N2: D восток | O2: ΔD сев | P2: ΔD восток | Q2: ΔD | S2: Аз откл
A3: -0.5 | B3: -3764 | C3: 163 | D3: =(B3-C3)/2 -> -1963.5 | E3: =0.5*SIN(D3/3600*PI()/180)*1000+E4 -> -200.38156 | F3: -3702 | G3: 228 | H3: =(F3-G3)/2 -> -1965 | I3: =0.5*SIN(H3/3600*PI()/180)*1000+I4 -> -202.1838 | J3: =SQRT(E3^2+I3^2) -> 284.65954 | K3: =IF(E3>=0,180-DEGREES(ASIN(-I3/J3)),IF(E3<0,DEGREES(ASIN(-I3/J3)),360-DEGREES(ASIN(I3/J3)))) -> 45.256505 | L3: =IF((K3+$L$1)<=360,K3+$L$1,K3+$L$1-360) -> 225.25651 | M3: =J3*COS(RADIANS(L3)) -> -200.38156 | N3: =J3*SIN(RADIANS(L3)) -> -202.1838 | O3: =M3-'"0" цикл 24.06'!#REF! -> #REF! | P3: =N3-'"0" цикл 24.06'!#REF! -> #REF! | Q3: =SQRT(O3^2+P3^2) -> #REF! | R3: =IF(Q3=0,0,IF(O3>=0,DEGREES(ASIN(P3/Q3)),(180-DEGREES(ASIN(P3/Q3))))) -> #REF! | S3: =IF(R3<0,360+R3,R3) -> #REF!
A4: 0 | B4: -3132 | C4: -482 | D4: =(B4-C4)/2 -> -1325 | E4: =0.5*SIN(D4/3600*PI()/180)*1000+E5 -> -195.62197 | F4: -3010 | G4: -428 | H4: =(F4-G4)/2 -> -1291 | I4: =0.5*SIN(H4/3600*PI()/180)*1000+I5 -> -197.42057 | J4: =SQRT(E4^2+I4^2) -> 277.92596 | K4: =IF(E4>=0,180-DEGREES(ASIN(-I4/J4)),IF(E4<0,DEGREES(ASIN(-I4/J4)),360-DEGREES(ASIN(I4/J4)))) -> 45.26219 | L4: =IF((K4+$L$1)<=360,K4+$L$1,K4+$L$1-360) -> 225.26219 | M4: =J4*COS(RADIANS(L4)) -> -195.62197 | N4: =J4*SIN(RADIANS(L4)) -> -197.42057 | O4: =M4-'"0" цикл 24.06'!M3 -> 516.92184 | P4: =N4-'"0" цикл 24.06'!N3 -> -784.12197 | Q4: =SQRT(O4^2+P4^2) -> 939.17808 | R4: =IF(Q4=0,0,IF(O4>=0,DEGREES(ASIN(P4/Q4)),(180-DEGREES(ASIN(P4/Q4))))) -> -56.605671 | S4: =IF(R4<0,360+R4,R4) -> 303.39433
A5: 0.5 | B5: -2392 | C5: -1218 | D5: =(B5-C5)/2 -> -587 | E5: =0.5*SIN(D5/3600*PI()/180)*1000+E6 -> -192.4101 | F5: -2302 | G5: -1171 | H5: =(F5-G5)/2 -> -565.5 | I5: =0.5*SIN(H5/3600*PI()/180)*1000+I6 -> -194.29112 | J5: =SQRT(E5^2+I5^2) -> 273.44229 | K5: =IF(E5>=0,180-DEGREES(ASIN(-I5/J5)),IF(E5<0,DEGREES(ASIN(-I5/J5)),360-DEGREES(ASIN(I5/J5)))) -> 45.2787 | L5: =IF((K5+$L$1)<=360,K5+$L$1,K5+$L$1-360) -> 225.2787 | M5: =J5*COS(RADIANS(L5)) -> -192.4101 | N5: =J5*SIN(RADIANS(L5)) -> -194.29112 | O5: =M5-'"0" цикл 24.06'!M4 -> 524.61381 | P5: =N5-'"0" цикл 24.06'!N4 -> -786.51214 | Q5: =SQRT(O5^2+P5^2) -> 945.42107 | R5: =IF(Q5=0,0,IF(O5>=0,DEGREES(ASIN(P5/Q5)),(180-DEGREES(ASIN(P5/Q5))))) -> -56.296197 | S5: =IF(R5<0,360+R5,R5) -> 303.7038
A6: 1 | B6: -2936 | C6: -637 | D6: =(B6-C6)/2 -> -1149.5 | E6: =0.5*SIN(D6/3600*PI()/180)*1000+E7 -> -190.98717 | F6: -2912 | G6: -547 | H6: =(F6-G6)/2 -> -1182.5 | I6: =0.5*SIN(H6/3600*PI()/180)*1000+I7 -> -192.92031 | J6: =SQRT(E6^2+I6^2) -> 271.46703 | K6: =IF(E6>=0,180-DEGREES(ASIN(-I6/J6)),IF(E6<0,DEGREES(ASIN(-I6/J6)),360-DEGREES(ASIN(I6/J6)))) -> 45.288506 | L6: =IF((K6+$L$1)<=360,K6+$L$1,K6+$L$1-360) -> 225.28851 | M6: =J6*COS(RADIANS(L6)) -> -190.98717 | N6: =J6*SIN(RADIANS(L6)) -> -192.92031 | O6: =M6-'"0" цикл 24.06'!M5 -> 532.66298 | P6: =N6-'"0" цикл 24.06'!N5 -> -792.60718 | Q6: =SQRT(O6^2+P6^2) -> 954.96387 | R6: =IF(Q6=0,0,IF(O6>=0,DEGREES(ASIN(P6/Q6)),(180-DEGREES(ASIN(P6/Q6))))) -> -56.097358 | S6: =IF(R6<0,360+R6,R6) -> 303.90264
A7: 1.5 | B7: -3302 | C7: -308 | D7: =(B7-C7)/2 -> -1497 | E7: =0.5*SIN(D7/3600*PI()/180)*1000+E8 -> -188.20072 | F7: -3200 | G7: -222 | H7: =(F7-G7)/2 -> -1489 | I7: =0.5*SIN(H7/3600*PI()/180)*1000+I8 -> -190.05387 | J7: =SQRT(E7^2+I7^2) -> 267.4696 | K7: =IF(E7>=0,180-DEGREES(ASIN(-I7/J7)),IF(E7<0,DEGREES(ASIN(-I7/J7)),360-DEGREES(ASIN(I7/J7)))) -> 45.280701 | L7: =IF((K7+$L$1)<=360,K7+$L$1,K7+$L$1-360) -> 225.2807 | M7: =J7*COS(RADIANS(L7)) -> -188.20072 | N7: =J7*SIN(RADIANS(L7)) -> -190.05387 | O7: =M7-'"0" цикл 24.06'!M6 -> 540.03849 | P7: =N7-'"0" цикл 24.06'!N6 -> -795.54479 | Q7: =SQRT(O7^2+P7^2) -> 961.52644 | R7: =IF(Q7=0,0,IF(O7>=0,DEGREES(ASIN(P7/Q7)),(180-DEGREES(ASIN(P7/Q7))))) -> -55.830221 | S7: =IF(R7<0,360+R7,R7) -> 304.16978
A8: 2 | B8: -3018 | C8: -669 | D8: =(B8-C8)/2 -> -1174.5 | E8: =0.5*SIN(D8/3600*PI()/180)*1000+E9 -> -184.57192 | F8: -2928 | G8: -615 | H8: =(F8-G8)/2 -> -1156.5 | I8: =0.5*SIN(H8/3600*PI()/180)*1000+I9 -> -186.44446 | J8: =SQRT(E8^2+I8^2) -> 262.35154 | K8: =IF(E8>=0,180-DEGREES(ASIN(-I8/J8)),IF(E8<0,DEGREES(ASIN(-I8/J8)),360-DEGREES(ASIN(I8/J8)))) -> 45.289172 | L8: =IF((K8+$L$1)<=360,K8+$L$1,K8+$L$1-360) -> 225.28917 | M8: =J8*COS(RADIANS(L8)) -> -184.57192 | N8: =J8*SIN(RADIANS(L8)) -> -186.44446 | O8: =M8-'"0" цикл 24.06'!M7 -> 545.91233 | P8: =N8-'"0" цикл 24.06'!N7 -> -795.19852 | Q8: =SQRT(O8^2+P8^2) -> 964.55221 | R8: =IF(Q8=0,0,IF(O8>=0,DEGREES(ASIN(P8/Q8)),(180-DEGREES(ASIN(P8/Q8))))) -> -55.529983 | S8: =IF(R8<0,360+R8,R8) -> 304.47002
A9: 2.5 | B9: -3583 | C9: 91 | D9: =(B9-C9)/2 -> -1837 | E9: =0.5*SIN(D9/3600*PI()/180)*1000+E10 -> -181.72487 | F9: -3558 | G9: 171 | H9: =(F9-G9)/2 -> -1864.5 | I9: =0.5*SIN(H9/3600*PI()/180)*1000+I10 -> -183.64104 | J9: =SQRT(E9^2+I9^2) -> 258.35627 | K9: =IF(E9>=0,180-DEGREES(ASIN(-I9/J9)),IF(E9<0,DEGREES(ASIN(-I9/J9)),360-DEGREES(ASIN(I9/J9)))) -> 45.300486 | L9: =IF((K9+$L$1)<=360,K9+$L$1,K9+$L$1-360) -> 225.30049 | M9: =J9*COS(RADIANS(L9)) -> -181.72487 | N9: =J9*SIN(RADIANS(L9)) -> -183.64104 | O9: =M9-'"0" цикл 24.06'!M8 -> 549.50854 | P9: =N9-'"0" цикл 24.06'!N8 -> -794.29799 | Q9: =SQRT(O9^2+P9^2) -> 965.85141 | R9: =IF(Q9=0,0,IF(O9>=0,DEGREES(ASIN(P9/Q9)),(180-DEGREES(ASIN(P9/Q9))))) -> -55.323871 | S9: =IF(R9<0,360+R9,R9) -> 304.67613
A10: 3 | B10: -3849 | C10: 267 | D10: =(B10-C10)/2 -> -2058 | E10: =0.5*SIN(D10/3600*PI()/180)*1000+E11 -> -177.27192 | F10: -3765 | G10: 350 | H10: =(F10-G10)/2 -> -2057.5 | I10: =0.5*SIN(H10/3600*PI()/180)*1000+I11 -> -179.12143 | J10: =SQRT(E10^2+I10^2) -> 252.01154 | K10: =IF(E10>=0,180-DEGREES(ASIN(-I10/J10)),IF(E10<0,DEGREES(ASIN(-I10/J10)),360-DEGREES(ASIN(I10/J10)))) -> 45.297335 | L10: =IF((K10+$L$1)<=360,K10+$L$1,K10+$L$1-360) -> 225.29733 | M10: =J10*COS(RADIANS(L10)) -> -177.27192 | N10: =J10*SIN(RADIANS(L10)) -> -179.12143 | O10: =M10-'"0" цикл 24.06'!M9 -> 553.01345 | P10: =N10-'"0" цикл 24.06'!N9 -> -789.97315 | Q10: =SQRT(O10^2+P10^2) -> 964.30361 | R10: =IF(Q10=0,0,IF(O10>=0,DEGREES(ASIN(P10/Q10)),(180-DEGREES(ASIN(P10/Q10))))) -> -55.00641 | S10: =IF(R10<0,360+R10,R10) -> 304.99359
A11: 3.5 | B11: -3933 | C11: 340 | D11: =(B11-C11)/2 -> -2136.5 | E11: =0.5*SIN(D11/3600*PI()/180)*1000+E12 -> -172.28327 | F11: -4262 | G11: 374 | H11: =(F11-G11)/2 -> -2318 | I11: =0.5*SIN(H11/3600*PI()/180)*1000+I12 -> -174.13399 | J11: =SQRT(E11^2+I11^2) -> 244.95749 | K11: =IF(E11>=0,180-DEGREES(ASIN(-I11/J11)),IF(E11<0,DEGREES(ASIN(-I11/J11)),360-DEGREES(ASIN(I11/J11)))) -> 45.306098 | L11: =IF((K11+$L$1)<=360,K11+$L$1,K11+$L$1-360) -> 225.3061 | M11: =J11*COS(RADIANS(L11)) -> -172.28327 | N11: =J11*SIN(RADIANS(L11)) -> -174.13399 | O11: =M11-'"0" цикл 24.06'!M10 -> 555.08753 | P11: =N11-'"0" цикл 24.06'!N10 -> -783.11373 | Q11: =SQRT(O11^2+P11^2) -> 959.89025 | R11: =IF(Q11=0,0,IF(O11>=0,DEGREES(ASIN(P11/Q11)),(180-DEGREES(ASIN(P11/Q11))))) -> -54.670181 | S11: =IF(R11<0,360+R11,R11) -> 305.32982
A12: 4 | B12: -4528 | C12: 935 | D12: =(B12-C12)/2 -> -2731.5 | E12: =0.5*SIN(D12/3600*PI()/180)*1000+E13 -> -167.10434 | F12: -4510 | G12: 1097 | H12: =(F12-G12)/2 -> -2803.5 | I12: =0.5*SIN(H12/3600*PI()/180)*1000+I13 -> -168.51512 | J12: =SQRT(E12^2+I12^2) -> 237.32089 | K12: =IF(E12>=0,180-DEGREES(ASIN(-I12/J12)),IF(E12<0,DEGREES(ASIN(-I12/J12)),360-DEGREES(ASIN(I12/J12)))) -> 45.240842 | L12: =IF((K12+$L$1)<=360,K12+$L$1,K12+$L$1-360) -> 225.24084 | M12: =J12*COS(RADIANS(L12)) -> -167.10434 | N12: =J12*SIN(RADIANS(L12)) -> -168.51512 | O12: =M12-'"0" цикл 24.06'!M11 -> 555.61014 | P12: =N12-'"0" цикл 24.06'!N11 -> -773.59263 | Q12: =SQRT(O12^2+P12^2) -> 952.44327 | R12: =IF(Q12=0,0,IF(O12>=0,DEGREES(ASIN(P12/Q12)),(180-DEGREES(ASIN(P12/Q12))))) -> -54.313315 | S12: =IF(R12<0,360+R12,R12) -> 305.68668
A13: 4.5 | B13: -5716 | C13: 2116 | D13: =(B13-C13)/2 -> -3916 | E13: =0.5*SIN(D13/3600*PI()/180)*1000+E14 -> -160.48319 | F13: -5668 | G13: 2227 | H13: =(F13-G13)/2 -> -3947.5 | I13: =0.5*SIN(H13/3600*PI()/180)*1000+I14 -> -161.71945 | J13: =SQRT(E13^2+I13^2) -> 227.83335 | K13: =IF(E13>=0,180-DEGREES(ASIN(-I13/J13)),IF(E13<0,DEGREES(ASIN(-I13/J13)),360-DEGREES(ASIN(I13/J13)))) -> 45.219838 | L13: =IF((K13+$L$1)<=360,K13+$L$1,K13+$L$1-360) -> 225.21984 | M13: =J13*COS(RADIANS(L13)) -> -160.48319 | N13: =J13*SIN(RADIANS(L13)) -> -161.71945 | O13: =M13-'"0" цикл 24.06'!M12 -> 558.02182 | P13: =N13-'"0" цикл 24.06'!N12 -> -763.81477 | Q13: =SQRT(O13^2+P13^2) -> 945.93941 | R13: =IF(Q13=0,0,IF(O13>=0,DEGREES(ASIN(P13/Q13)),(180-DEGREES(ASIN(P13/Q13))))) -> -53.849175 | S13: =IF(R13<0,360+R13,R13) -> 306.15082
A14: 5 | B14: -7080 | C14: 3467 | D14: =(B14-C14)/2 -> -5273.5 | E14: =0.5*SIN(D14/3600*PI()/180)*1000+E15 -> -150.99111 | F14: -7005 | G14: 3515 | H14: =(F14-G14)/2 -> -5260 | I14: =0.5*SIN(H14/3600*PI()/180)*1000+I15 -> -152.15102 | J14: =SQRT(E14^2+I14^2) -> 214.35542 | K14: =IF(E14>=0,180-DEGREES(ASIN(-I14/J14)),IF(E14<0,DEGREES(ASIN(-I14/J14)),360-DEGREES(ASIN(I14/J14)))) -> 45.219231 | L14: =IF((K14+$L$1)<=360,K14+$L$1,K14+$L$1-360) -> 225.21923 | M14: =J14*COS(RADIANS(L14)) -> -150.99111 | N14: =J14*SIN(RADIANS(L14)) -> -152.15102 | O14: =M14-'"0" цикл 24.06'!M13 -> 564.94295 | P14: =N14-'"0" цикл 24.06'!N13 -> -752.69167 | Q14: =SQRT(O14^2+P14^2) -> 941.11917 | R14: =IF(Q14=0,0,IF(O14>=0,DEGREES(ASIN(P14/Q14)),(180-DEGREES(ASIN(P14/Q14))))) -> -53.109442 | S14: =IF(R14<0,360+R14,R14) -> 306.89056
A15: 5.5 | B15: -8056 | C15: 4521 | D15: =(B15-C15)/2 -> -6288.5 | E15: =0.5*SIN(D15/3600*PI()/180)*1000+E16 -> -138.20917 | F15: -8031 | G15: 4599 | H15: =(F15-G15)/2 -> -6315 | I15: =0.5*SIN(H15/3600*PI()/180)*1000+I16 -> -139.40181 | J15: =SQRT(E15^2+I15^2) -> 196.30242 | K15: =IF(E15>=0,180-DEGREES(ASIN(-I15/J15)),IF(E15<0,DEGREES(ASIN(-I15/J15)),360-DEGREES(ASIN(I15/J15)))) -> 45.246144 | L15: =IF((K15+$L$1)<=360,K15+$L$1,K15+$L$1-360) -> 225.24614 | M15: =J15*COS(RADIANS(L15)) -> -138.20917 | N15: =J15*SIN(RADIANS(L15)) -> -139.40181 | O15: =M15-'"0" цикл 24.06'!M14 -> 577.62452 | P15: =N15-'"0" цикл 24.06'!N14 -> -740.84118 | Q15: =SQRT(O15^2+P15^2) -> 939.41245 | R15: =IF(Q15=0,0,IF(O15>=0,DEGREES(ASIN(P15/Q15)),(180-DEGREES(ASIN(P15/Q15))))) -> -52.056907 | S15: =IF(R15<0,360+R15,R15) -> 307.94309
... A53: 24.5 | B53: -632 | C53: -2847 | D53: =(B53-C53)/2 -> 1107.5 | E53: =0.5*SIN(D53/3600*PI()/180)*1000+E54 -> 5.3692857 | F53: -548 | G53: -2662 | H53: =(F53-G53)/2 -> 1057 | I53: =0.5*SIN(H53/3600*PI()/180)*1000+I54 -> 5.1244582 | J53: =SQRT(E53^2+I53^2) -> 7.4222167 | K53: =IF(E53>=0,180-DEGREES(ASIN(-I53/J53)),IF(E53<0,DEGREES(ASIN(-I53/J53)),360-DEGREES(ASIN(I53/J53)))) -> 223.66349 | L53: =IF((K53+$L$1)<=360,K53+$L$1,K53+$L$1-360) -> 43.663486 | M53: =J53*COS(RADIANS(L53)) -> 5.3692857 | N53: =J53*SIN(RADIANS(L53)) -> 5.1244582 | O53: =M53-'"0" цикл 24.06'!M52 -> 703.7103 | P53: =N53-'"0" цикл 24.06'!N52 -> -618.16731 | Q53: =SQRT(O53^2+P53^2) -> 936.66377 | R53: =IF(Q53=0,0,IF(O53>=0,DEGREES(ASIN(P53/Q53)),(180-DEGREES(ASIN(P53/Q53))))) -> -41.297367 | S53: =IF(R53<0,360+R53,R53) -> 318.70263
A54: 25 | B54: -632 | C54: -2847 | D54: =(B54-C54)/2 -> 1107.5 | E54: =0.5*SIN(D54/3600*PI()/180)*1000+E55 -> 2.6846429 | F54: -548 | G54: -2662 | H54: =(F54-G54)/2 -> 1057 | I54: =0.5*SIN(H54/3600*PI()/180)*1000+I55 -> 2.5622291 | J54: =SQRT(E54^2+I54^2) -> 3.7111084 | K54: =IF(E54>=0,180-DEGREES(ASIN(-I54/J54)),IF(E54<0,DEGREES(ASIN(-I54/J54)),360-DEGREES(ASIN(I54/J54)))) -> 223.66349 | L54: 0 | M54: =J54*COS(RADIANS(L54)) -> 3.7111084 | N54: =J54*SIN(RADIANS(L54)) -> 0 | O54: =M54-'"0" цикл 24.06'!M53 -> 687.02371 | P54: =N54-'"0" цикл 24.06'!N53 -> -609.23572 | Q54: =SQRT(O54^2+P54^2) -> 918.24275 | R54: =IF(Q54=0,0,IF(O54>=0,DEGREES(ASIN(P54/Q54)),(180-DEGREES(ASIN(P54/Q54))))) -> -41.565822 | S54: =IF(R54<0,360+R54,R54) -> 318.43418

Sheet 9
B1: Данные с инклинометра | H1: Цикл 9 (02.09.2024) | O1: Аз скв | P1: 180
A2: Глубина | B2: А1 | C2: А3 | D2: В1 | E2: В3 | F2: A | G2: В | H2: αА | I2: αВ | J2: Da i | K2: Db i | L2: Da | M2: Db | N2: D | O2: Аз (A-B) | Q2: D сев | R2: D восток | S2: D | T2: ΔD сев | U2: ΔD восток | V2: ΔD | X2: Аз откл
A3: -0.5 | B3: 160 | C3: -159 | D3: -19 | E3: -34 | F3: =(B3-C3)/2 -> 159.5 | G3: =(D3-E3)/2 -> 7.5 | H3: =ASIN(F3/20000) -> 0.0079750845 | I3: =ASIN(G3/20000) -> 0.00037500001 | J3: =0.5*SIN(H3) -> 0.0039875 | K3: =0.5*SIN(I3) -> 0.0001875 | L3: =J4+L4 -> -0.0437875 | M3: =K4+M4 -> -0.0969875 | N3: =SQRT(L3^2+M3^2) -> 0.10641391 | O3: =IF(L3>=0,180-DEGREES(ASIN(-M3/N3)),IF(M3<0,DEGREES(ASIN(-M3/N3)),360-DEGREES(ASIN(M3/N3)))) -> 65.70198 | P3: =IF((O3+$P$1)<=360,O3+$P$1,O3+$P$1-360) -> 245.70198 | Q3: =1000*N3*COS(RADIANS(P3)) -> -43.7875 | R3: =1000*N3*SIN(RADIANS(P3)) -> -96.9875 | S3: =N3*1000 -> 106.41391 | T3: =Q3-'"0" цикл 24.06'!#REF! -> #REF! | U3: =R3-'"0" цикл 24.06'!#REF! -> #REF! | V3: =SQRT(T3^2+U3^2) -> #REF! | W3: =IF(V3=0,0,IF(T3>=0,DEGREES(ASIN(U3/V3)),(180-DEGREES(ASIN(U3/V3))))) -> #REF! | X3: =IF(W3<0,360+W3,W3) -> #REF!
A4: 0 | B4: 133 | C4: -142 | D4: 48 | E4: -79 | F4: =(B4-C4)/2 -> 137.5 | G4: =(D4-E4)/2 -> 63.5 | H4: =ASIN(F4/20000) -> 0.0068750542 | I4: =ASIN(G4/20000) -> 0.0031750053 | J4: =0.5*SIN(H4) -> 0.0034375 | K4: =0.5*SIN(I4) -> 0.0015875 | L4: =J5+L5 -> -0.047225 | M4: =K5+M5 -> -0.098575 | N4: =SQRT(L4^2+M4^2) -> 0.10930339 | O4: =IF(L4>=0,180-DEGREES(ASIN(-M4/N4)),IF(M4<0,DEGREES(ASIN(-M4/N4)),360-DEGREES(ASIN(M4/N4)))) -> 64.401998 | P4: =IF((O4+$P$1)<=360,O4+$P$1,O4+$P$1-360) -> 244.402 | Q4: =1000*N4*COS(RADIANS(P4)) -> -47.225 | R4: =1000*N4*SIN(RADIANS(P4)) -> -98.575 | S4: =N4*1000 -> 109.30339 | T4: =Q4-'"0" цикл 24.06'!Q3 -> -633.9264 | U4: =R4-'"0" цикл 24.06'!R3 -> -1021.5795 | V4: =SQRT(T4^2+U4^2) -> 1202.2842 | W4: =IF(V4=0,0,IF(T4>=0,DEGREES(ASIN(U4/V4)),(180-DEGREES(ASIN(U4/V4))))) -> 238.17893 | X4: =IF(W4<0,360+W4,W4) -> 238.17893
A5: 0.5 | B5: 16 | C5: -32 | D5: -21 | E5: 10 | F5: =(B5-C5)/2 -> 24 | G5: =(D5-E5)/2 -> -15.5 | H5: =ASIN(F5/20000) -> 0.0012000003 | I5: =ASIN(G5/20000) -> -0.00077500008 | J5: =0.5*SIN(H5) -> 0.0006 | K5: =0.5*SIN(I5) -> -0.0003875 | L5: =J6+L6 -> -0.047825 | M5: =K6+M6 -> -0.0981875 | N5: =SQRT(L5^2+M5^2) -> 0.10921546 | O5: =IF(L5>=0,180-DEGREES(ASIN(-M5/N5)),IF(M5<0,DEGREES(ASIN(-M5/N5)),360-DEGREES(ASIN(M5/N5)))) -> 64.030292 | P5: =IF((O5+$P$1)<=360,O5+$P$1,O5+$P$1-360) -> 244.03029 | Q5: =1000*N5*COS(RADIANS(P5)) -> -47.825 | R5: =1000*N5*SIN(RADIANS(P5)) -> -98.1875 | S5: =N5*1000 -> 109.21546 | T5: =Q5-'"0" цикл 24.06'!Q4 -> -640.04601 | U5: =R5-'"0" цикл 24.06'!R4 -> -1028.1601 | V5: =SQRT(T5^2+U5^2) -> 1211.1037 | W5: =IF(V5=0,0,IF(T5>=0,DEGREES(ASIN(U5/V5)),(180-DEGREES(ASIN(U5/V5))))) -> 238.09708 | X5: =IF(W5<0,360+W5,W5) -> 238.09708
A6: 1 | B6: -83 | C6: 88 | D6: -95 | E6: 105 | F6: =(B6-C6)/2 -> -85.5 | G6: =(D6-E6)/2 -> -100 | H6: =ASIN(F6/20000) -> -0.004275013 | I6: =ASIN(G6/20000) -> -0.0050000208 | J6: =0.5*SIN(H6) -> -0.0021375 | K6: =0.5*SIN(I6) -> -0.0025 | L6: =J7+L7 -> -0.0456875 | M6: =K7+M7 -> -0.0956875 | N6: =SQRT(L6^2+M6^2) -> 0.10603511 | O6: =IF(L6>=0,180-DEGREES(ASIN(-M6/N6)),IF(M6<0,DEGREES(ASIN(-M6/N6)),360-DEGREES(ASIN(M6/N6)))) -> 64.477125 | P6: =IF((O6+$P$1)<=360,O6+$P$1,O6+$P$1-360) -> 244.47712 | Q6: =1000*N6*COS(RADIANS(P6)) -> -45.6875 | R6: =1000*N6*SIN(RADIANS(P6)) -> -95.6875 | S6: =N6*1000 -> 106.03511 | T6: =Q6-'"0" цикл 24.06'!Q5 -> -645.37437 | U6: =R6-'"0" цикл 24.06'!R5 -> -1035.5247 | V6: =SQRT(T6^2+U6^2) -> 1220.1719 | W6: =IF(V6=0,0,IF(T6>=0,DEGREES(ASIN(U6/V6)),(180-DEGREES(ASIN(U6/V6))))) -> 238.06743 | X6: =IF(W6<0,360+W6,W6) -> 238.06743
A7: 1.5 | B7: -53 | C7: 32 | D7: -147 | E7: 160 | F7: =(B7-C7)/2 -> -42.5 | G7: =(D7-E7)/2 -> -153.5 | H7: =ASIN(F7/20000) -> -0.0021250016 | I7: =ASIN(G7/20000) -> -0.0076750754 | J7: =0.5*SIN(H7) -> -0.0010625 | K7: =0.5*SIN(I7) -> -0.0038375 | L7: =J8+L8 -> -0.044625 | M7: =K8+M8 -> -0.09185 | N7: =SQRT(L7^2+M7^2) -> 0.10211666 | O7: =IF(L7>=0,180-DEGREES(ASIN(-M7/N7)),IF(M7<0,DEGREES(ASIN(-M7/N7)),360-DEGREES(ASIN(M7/N7)))) -> 64.087364 | P7: =IF((O7+$P$1)<=360,O7+$P$1,O7+$P$1-360) -> 244.08736 | Q7: =1000*N7*COS(RADIANS(P7)) -> -44.625 | R7: =1000*N7*SIN(RADIANS(P7)) -> -91.85 | S7: =N7*1000 -> 102.11666 | T7: =Q7-'"0" цикл 24.06'!Q6 -> -650.11593 | U7: =R7-'"0" цикл 24.06'!R6 -> -1038.9253 | V7: =SQRT(T7^2+U7^2) -> 1225.5678 | W7: =IF(V7=0,0,IF(T7>=0,DEGREES(ASIN(U7/V7)),(180-DEGREES(ASIN(U7/V7))))) -> 237.96339 | X7: =IF(W7<0,360+W7,W7) -> 237.96339
A8: 2 | B8: -30 | C8: 35 | D8: -212 | E8: 219 | F8: =(B8-C8)/2 -> -32.5 | G8: =(D8-E8)/2 -> -215.5 | H8: =ASIN(F8/20000) -> -0.0016250007 | I8: =ASIN(G8/20000) -> -0.010775209 | J8: =0.5*SIN(H8) -> -0.0008125 | K8: =0.5*SIN(I8) -> -0.0053875 | L8: =J9+L9 -> -0.0438125 | M8: =K9+M9 -> -0.0864625 | N8: =SQRT(L8^2+M8^2) -> 0.096929351 | O8: =IF(L8>=0,180-DEGREES(ASIN(-M8/N8)),IF(M8<0,DEGREES(ASIN(-M8/N8)),360-DEGREES(ASIN(M8/N8)))) -> 63.127638 | P8: =IF((O8+$P$1)<=360,O8+$P$1,O8+$P$1-360) -> 243.12764 | Q8: =1000*N8*COS(RADIANS(P8)) -> -43.8125 | R8: =1000*N8*SIN(RADIANS(P8)) -> -86.4625 | S8: =N8*1000 -> 96.929351 | T8: =Q8-'"0" цикл 24.06'!Q7 -> -652.56656 | U8: =R8-'"0" цикл 24.06'!R7 -> -1037.3509 | V8: =SQRT(T8^2+U8^2) -> 1225.5366 | W8: =IF(V8=0,0,IF(T8>=0,DEGREES(ASIN(U8/V8)),(180-DEGREES(ASIN(U8/V8))))) -> 237.82722 | X8: =IF(W8<0,360+W8,W8) -> 237.82722
A9: 2.5 | B9: 18 | C9: -16 | D9: -266 | E9: 275 | F9: =(B9-C9)/2 -> 17 | G9: =(D9-E9)/2 -> -270.5 | H9: =ASIN(F9/20000) -> 0.0008500001 | I9: =ASIN(G9/20000) -> -0.013525412 | J9: =0.5*SIN(H9) -> 0.000425 | K9: =0.5*SIN(I9) -> -0.0067625 | L9: =J10+L10 -> -0.0442375 | M9: =K10+M10 -> -0.0797 | N9: =SQRT(L9^2+M9^2) -> 0.091153971 | O9: =IF(L9>=0,180-DEGREES(ASIN(-M9/N9)),IF(M9<0,DEGREES(ASIN(-M9/N9)),360-DEGREES(ASIN(M9/N9)))) -> 60.967527 | P9: =IF((O9+$P$1)<=360,O9+$P$1,O9+$P$1-360) -> 240.96753 | Q9: =1000*N9*COS(RADIANS(P9)) -> -44.2375 | R9: =1000*N9*SIN(RADIANS(P9)) -> -79.7 | S9: =N9*1000 -> 91.153971 | T9: =Q9-'"0" цикл 24.06'!Q8 -> -654.89445 | U9: =R9-'"0" цикл 24.06'!R8 -> -1032.3826 | V9: =SQRT(T9^2+U9^2) -> 1222.5795 | W9: =IF(V9=0,0,IF(T9>=0,DEGREES(ASIN(U9/V9)),(180-DEGREES(ASIN(U9/V9))))) -> 237.6109 | X9: =IF(W9<0,360+W9,W9) -> 237.6109
A10: 3 | B10: 70 | C10: -76 | D10: -279 | E10: 291 | F10: =(B10-C10)/2 -> 73 | G10: =(D10-E10)/2 -> -285 | H10: =ASIN(F10/20000) -> 0.0036500081 | I10: =ASIN(G10/20000) -> -0.014250482 | J10: =0.5*SIN(H10) -> 0.001825 | K10: =0.5*SIN(I10) -> -0.007125 | L10: =J11+L11 -> -0.0460625 | M10: =K11+M11 -> -0.072575 | N10: =SQRT(L10^2+M10^2) -> 0.085958621 | O10: =IF(L10>=0,180-DEGREES(ASIN(-M10/N10)),IF(M10<0,DEGREES(ASIN(-M10/N10)),360-DEGREES(ASIN(M10/N10)))) -> 57.597184 | P10: =IF((O10+$P$1)<=360,O10+$P$1,O10+$P$1-360) -> 237.59718 | Q10: =1000*N10*COS(RADIANS(P10)) -> -46.0625 | R10: =1000*N10*SIN(RADIANS(P10)) -> -72.575 | S10: =N10*1000 -> 85.958621 | T10: =Q10-'"0" цикл 24.06'!Q9 -> -656.91423 | U10: =R10-'"0" цикл 24.06'!R9 -> -1024.6551 | V10: =SQRT(T10^2+U10^2) -> 1217.1501 | W10: =IF(V10=0,0,IF(T10>=0,DEGREES(ASIN(U10/V10)),(180-DEGREES(ASIN(U10/V10))))) -> 237.33576 | X10: =IF(W10<0,360+W10,W10) -> 237.33576
A11: 3.5 | B11: 105 | C11: -113 | D11: -294 | E11: 302 | F11: =(B11-C11)/2 -> 109 | G11: =(D11-E11)/2 -> -298 | H11: =ASIN(F11/20000) -> 0.005450027 | I11: =ASIN(G11/20000) -> -0.014900551 | J11: =0.5*SIN(H11) -> 0.002725 | K11: =0.5*SIN(I11) -> -0.00745 | L11: =J12+L12 -> -0.0487875 | M11: =K12+M12 -> -0.065125 | N11: =SQRT(L11^2+M11^2) -> 0.081372512 | O11: =IF(L11>=0,180-DEGREES(ASIN(-M11/N11)),IF(M11<0,DEGREES(ASIN(-M11/N11)),360-DEGREES(ASIN(M11/N11)))) -> 53.161788 | P11: =IF((O11+$P$1)<=360,O11+$P$1,O11+$P$1-360) -> 233.16179 | Q11: =1000*N11*COS(RADIANS(P11)) -> -48.7875 | R11: =1000*N11*SIN(RADIANS(P11)) -> -65.125 | S11: =N11*1000 -> 81.372512 | T11: =Q11-'"0" цикл 24.06'!Q10 -> -657.76724 | U11: =R11-'"0" цикл 24.06'!R10 -> -1013.7686 | V11: =SQRT(T11^2+U11^2) -> 1208.4637 | W11: =IF(V11=0,0,IF(T11>=0,DEGREES(ASIN(U11/V11)),(180-DEGREES(ASIN(U11/V11))))) -> 237.02313 | X11: =IF(W11<0,360+W11,W11) -> 237.02313
A12: 4 | B12: 183 | C12: -187 | D12: -313 | E12: 319 | F12: =(B12-C12)/2 -> 185 | G12: =(D12-E12)/2 -> -316 | H12: =ASIN(F12/20000) -> 0.0092501319 | I12: =ASIN(G12/20000) -> -0.015800657 | J12: =0.5*SIN(H12) -> 0.004625 | K12: =0.5*SIN(I12) -> -0.0079 | L12: =J13+L13 -> -0.0534125 | M12: =K13+M13 -> -0.057225 | N12: =SQRT(L12^2+M12^2) -> 0.078278961 | O12: =IF(L12>=0,180-DEGREES(ASIN(-M12/N12)),IF(M12<0,DEGREES(ASIN(-M12/N12)),360-DEGREES(ASIN(M12/N12)))) -> 46.973596 | P12: =IF((O12+$P$1)<=360,O12+$P$1,O12+$P$1-360) -> 226.9736 | Q12: =1000*N12*COS(RADIANS(P12)) -> -53.4125 | R12: =1000*N12*SIN(RADIANS(P12)) -> -57.225 | S12: =N12*1000 -> 78.278961 | T12: =Q12-'"0" цикл 24.06'!Q11 -> -658.49002 | U12: =R12-'"0" цикл 24.06'!R11 -> -999.79331 | V12: =SQRT(T12^2+U12^2) -> 1197.1615 | W12: =IF(V12=0,0,IF(T12>=0,DEGREES(ASIN(U12/V12)),(180-DEGREES(ASIN(U12/V12))))) -> 236.63005 | X12: =IF(W12<0,360+W12,W12) -> 236.63005
A13: 4.5 | B13: 231 | C13: -239 | D13: -282 | E13: 293 | F13: =(B13-C13)/2 -> 235 | G13: =(D13-E13)/2 -> -287.5 | H13: =ASIN(F13/20000) -> 0.01175027 | I13: =ASIN(G13/20000) -> -0.014375495 | J13: =0.5*SIN(H13) -> 0.005875 | K13: =0.5*SIN(I13) -> -0.0071875 | L13: =J14+L14 -> -0.0592875 | M13: =K14+M14 -> -0.0500375 | N13: =SQRT(L13^2+M13^2) -> 0.077580662 | O13: =IF(L13>=0,180-DEGREES(ASIN(-M13/N13)),IF(M13<0,DEGREES(ASIN(-M13/N13)),360-DEGREES(ASIN(M13/N13)))) -> 40.163717 | P13: =IF((O13+$P$1)<=360,O13+$P$1,O13+$P$1-360) -> 220.16372 | Q13: =1000*N13*COS(RADIANS(P13)) -> -59.2875 | R13: =1000*N13*SIN(RADIANS(P13)) -> -50.0375 | S13: =N13*1000 -> 77.580662 | T13: =Q13-'"0" цикл 24.06'!Q12 -> -661.38282 | U13: =R13-'"0" цикл 24.06'!R12 -> -987.46388 | V13: =SQRT(T13^2+U13^2) -> 1188.4916 | W13: =IF(V13=0,0,IF(T13>=0,DEGREES(ASIN(U13/V13)),(180-DEGREES(ASIN(U13/V13))))) -> 236.18664 | X13: =IF(W13<0,360+W13,W13) -> 236.18664
A14: 5 | B14: 202 | C14: -195 | D14: -241 | E14: 249 | F14: =(B14-C14)/2 -> 198.5 | G14: =(D14-E14)/2 -> -245 | H14: =ASIN(F14/20000) -> 0.009925163 | I14: =ASIN(G14/20000) -> -0.012250306 | J14: =0.5*SIN(H14) -> 0.0049625 | K14: =0.5*SIN(I14) -> -0.006125 | L14: =J15+L15 -> -0.06425 | M14: =K15+M15 -> -0.0439125 | N14: =SQRT(L14^2+M14^2) -> 0.077822684 | O14: =IF(L14>=0,180-DEGREES(ASIN(-M14/N14)),IF(M14<0,DEGREES(ASIN(-M14/N14)),360-DEGREES(ASIN(M14/N14)))) -> 34.351163 | P14: =IF((O14+$P$1)<=360,O14+$P$1,O14+$P$1-360) -> 214.35116 | Q14: =1000*N14*COS(RADIANS(P14)) -> -64.25 | R14: =1000*N14*SIN(RADIANS(P14)) -> -43.9125 | S14: =N14*1000 -> 77.822684 | T14: =Q14-'"0" цикл 24.06'!Q13 -> -664.79065 | U14: =R14-'"0" цикл 24.06'!R13 -> -978.3699 | V14: =SQRT(T14^2+U14^2) -> 1182.8585 | W14: =IF(V14=0,0,IF(T14>=0,DEGREES(ASIN(U14/V14)),(180-DEGREES(ASIN(U14/V14))))) -> 235.80436 | X14: =IF(W14<0,360+W14,W14) -> 235.80436
A15: 5.5 | B15: 148 | C15: -154 | D15: -178 | E15: 186 | F15: =(B15-C15)/2 -> 151 | G15: =(D15-E15)/2 -> -182 | H15: =ASIN(F15/20000) -> 0.0075500717 | I15: =ASIN(G15/20000) -> -0.0091001256 | J15: =0.5*SIN(H15) -> 0.003775 | K15: =0.5*SIN(I15) -> -0.00455 | L15: =J16+L16 -> -0.068025 | M15: =K16+M16 -> -0.0393625 | N15: =SQRT(L15^2+M15^2) -> 0.078592665 | O15: =IF(L15>=0,180-DEGREES(ASIN(-M15/N15)),IF(M15<0,DEGREES(ASIN(-M15/N15)),360-DEGREES(ASIN(M15/N15)))) -> 30.055715 | P15: =IF((O15+$P$1)<=360,O15+$P$1,O15+$P$1-360) -> 210.05572 | Q15: =1000*N15*COS(RADIANS(P15)) -> -68.025 | R15: =1000*N15*SIN(RADIANS(P15)) -> -39.3625 | S15: =N15*1000 -> 78.592665 | T15: =Q15-'"0" цикл 24.06'!Q14 -> -669.46437 | U15: =R15-'"0" цикл 24.06'!R14 -> -974.3209 | V15: =SQRT(T15^2+U15^2) -> 1182.1522 | W15: =IF(V15=0,0,IF(T15>=0,DEGREES(ASIN(U15/V15)),(180-DEGREES(ASIN(U15/V15))))) -> 235.5067 | X15: =IF(W15<0,360+W15,W15) -> 235.5067
... A53: 24.5 | B53: -271 | C53: 266 | D53: 195 | E53: -187 | F53: =(B53-C53)/2 -> -268.5 | G53: =(D53-E53)/2 -> 191 | H53: =ASIN(F53/20000) -> -0.013425403 | I53: =ASIN(G53/20000) -> 0.0095501452 | J53: =0.5*SIN(H53) -> -0.0067125 | K53: =0.5*SIN(I53) -> 0.004775 | L53: =J54+L54 -> -0.0069 | M53: =K54+M54 -> 0.0051125 | N53: =SQRT(L53^2+M53^2) -> 0.0085876456 | O53: =IF(L53>=0,180-DEGREES(ASIN(-M53/N53)),IF(M53<0,DEGREES(ASIN(-M53/N53)),360-DEGREES(ASIN(M53/N53)))) -> 323.4637 | P53: =IF((O53+$P$1)<=360,O53+$P$1,O53+$P$1-360) -> 143.4637 | Q53: =1000*N53*COS(RADIANS(P53)) -> -6.9 | R53: =1000*N53*SIN(RADIANS(P53)) -> 5.1125 | S53: =N53*1000 -> 8.5876456 | T53: =Q53-'"0" цикл 24.06'!Q52 -> -630.19177 | U53: =R53-'"0" цикл 24.06'!R52 -> -930.92853 | V53: =SQRT(T53^2+U53^2) -> 1124.1751 | W53: =IF(V53=0,0,IF(T53>=0,DEGREES(ASIN(U53/V53)),(180-DEGREES(ASIN(U53/V53))))) -> 235.90398 | X53: =IF(W53<0,360+W53,W53) -> 235.90398
A54: 25 | B54: -281 | C54: 271 | D54: 208 | E54: -201 | F54: =(B54-C54)/2 -> -276 | G54: =(D54-E54)/2 -> 204.5 | H54: =ASIN(F54/20000) -> -0.013800438 | I54: =ASIN(G54/20000) -> 0.010225178 | J54: =0.5*SIN(H54) -> -0.0069 | K54: =0.5*SIN(I54) -> 0.0051125 | L54: =J55+L55 -> 0 | M54: =K55+M55 -> 0 | N54: =SQRT(L54^2+M54^2) -> 0 | O54: 0 | P54: 0 | Q54: =1000*N54*COS(RADIANS(P54)) -> 0 | R54: =1000*N54*SIN(RADIANS(P54)) -> 0 | S54: =N54*1000 -> 0 | T54: =Q54-'"0" цикл 24.06'!Q53 -> -609.23572 | U54: =R54-'"0" цикл 24.06'!R53 -> -915.46943 | V54: =SQRT(T54^2+U54^2) -> 1099.6601 | W54: =IF(V54=0,0,IF(T54>=0,DEGREES(ASIN(U54/V54)),(180-DEGREES(ASIN(U54/V54))))) -> 236.35663 | X54: =IF(W54<0,360+W54,W54) -> 236.35663

Sheet 10
B1: Данные с инклинометра | H1: Цикл 10 (09.09.2024) | O1: Аз скв | P1: 180
A2: Глубина | B2: А1 | C2: А3 | D2: В1 | E2: В3 | F2: A | G2: В | H2: αА | I2: αВ | J2: Da i | K2: Db i | L2: Da | M2: Db | N2: D | O2: Аз (A-B) | Q2: D сев | R2: D восток | S2: D | T2: ΔD сев | U2: ΔD восток | V2: ΔD | X2: Аз откл
A3: -0.5 | B3: -293 | C3: 280 | D3: -8 | E3: 9 | F3: =(B3-C3)/2 -> -286.5 | G3: =(D3-E3)/2 -> -8.5 | H3: =ASIN(F3/20000) -> -0.01432549 | I3: =ASIN(G3/20000) -> -0.00042500001 | J3: =0.5*SIN(H3) -> -0.0071625 | K3: =0.5*SIN(I3) -> -0.0002125 | L3: =J4+L4 -> -0.0611 | M3: =K4+M4 -> -0.09565 | N3: =SQRT(L3^2+M3^2) -> 0.11349948 | O3: =IF(L3>=0,180-DEGREES(ASIN(-M3/N3)),IF(M3<0,DEGREES(ASIN(-M3/N3)),360-DEGREES(ASIN(M3/N3)))) -> 57.430079 | P3: =IF((O3+$P$1)<=360,O3+$P$1,O3+$P$1-360) -> 237.43008 | Q3: =1000*N3*COS(RADIANS(P3)) -> -61.1 | R3: =1000*N3*SIN(RADIANS(P3)) -> -95.65 | S3: =N3*1000 -> 113.49948 | T3: =Q3-'"0" цикл 24.06'!#REF! -> #REF! | U3: =R3-'"0" цикл 24.06'!#REF! -> #REF! | V3: =SQRT(T3^2+U3^2) -> #REF! | W3: =IF(V3=0,0,IF(T3>=0,DEGREES(ASIN(U3/V3)),(180-DEGREES(ASIN(U3/V3))))) -> #REF! | X3: =IF(W3<0,360+W3,W3) -> #REF!
A4: 0 | B4: -281 | C4: 274 | D4: 3 | E4: 1 | F4: =(B4-C4)/2 -> -277.5 | G4: =(D4-E4)/2 -> 1 | H4: =ASIN(F4/20000) -> -0.013875445 | I4: =ASIN(G4/20000) -> 5e-05 | J4: =0.5*SIN(H4) -> -0.0069375 | K4: =0.5*SIN(I4) -> 2.5e-05 | L4: =J5+L5 -> -0.0541625 | M4: =K5+M5 -> -0.095675 | N4: =SQRT(L4^2+M4^2) -> 0.10994218 | O4: =IF(L4>=0,180-DEGREES(ASIN(-M4/N4)),IF(M4<0,DEGREES(ASIN(-M4/N4)),360-DEGREES(ASIN(M4/N4)))) -> 60.485399 | P4: =IF((O4+$P$1)<=360,O4+$P$1,O4+$P$1-360) -> 240.4854 | Q4: =1000*N4*COS(RADIANS(P4)) -> -54.1625 | R4: =1000*N4*SIN(RADIANS(P4)) -> -95.675 | S4: =N4*1000 -> 109.94218 | T4: =Q4-'"0" цикл 24.06'!Q3 -> -640.8639 | U4: =R4-'"0" цикл 24.06'!R3 -> -1018.6795 | V4: =SQRT(T4^2+U4^2) -> 1203.5009 | W4: =IF(V4=0,0,IF(T4>=0,DEGREES(ASIN(U4/V4)),(180-DEGREES(ASIN(U4/V4))))) -> 237.82549 | X4: =IF(W4<0,360+W4,W4) -> 237.82549
A5: 0.5 | B5: -224 | C5: 219 | D5: -2 | E5: 9 | F5: =(B5-C5)/2 -> -221.5 | G5: =(D5-E5)/2 -> -5.5 | H5: =ASIN(F5/20000) -> -0.011075226 | I5: =ASIN(G5/20000) -> -0.000275 | J5: =0.5*SIN(H5) -> -0.0055375 | K5: =0.5*SIN(I5) -> -0.0001375 | L5: =J6+L6 -> -0.048625 | M5: =K6+M6 -> -0.0955375 | N5: =SQRT(L5^2+M5^2) -> 0.10719983 | O5: =IF(L5>=0,180-DEGREES(ASIN(-M5/N5)),IF(M5<0,DEGREES(ASIN(-M5/N5)),360-DEGREES(ASIN(M5/N5)))) -> 63.025615 | P5: =IF((O5+$P$1)<=360,O5+$P$1,O5+$P$1-360) -> 243.02561 | Q5: =1000*N5*COS(RADIANS(P5)) -> -48.625 | R5: =1000*N5*SIN(RADIANS(P5)) -> -95.5375 | S5: =N5*1000 -> 107.19983 | T5: =Q5-'"0" цикл 24.06'!Q4 -> -640.84601 | U5: =R5-'"0" цикл 24.06'!R4 -> -1025.5101 | V5: =SQRT(T5^2+U5^2) -> 1209.2785 | W5: =IF(V5=0,0,IF(T5>=0,DEGREES(ASIN(U5/V5)),(180-DEGREES(ASIN(U5/V5))))) -> 237.99855 | X5: =IF(W5<0,360+W5,W5) -> 237.99855
A6: 1 | B6: -130 | C6: 140 | D6: -21 | E6: 29 | F6: =(B6-C6)/2 -> -135 | G6: =(D6-E6)/2 -> -25 | H6: =ASIN(F6/20000) -> -0.0067500513 | I6: =ASIN(G6/20000) -> -0.0012500003 | J6: =0.5*SIN(H6) -> -0.003375 | K6: =0.5*SIN(I6) -> -0.000625 | L6: =J7+L7 -> -0.04525 | M6: =K7+M7 -> -0.0949125 | N6: =SQRT(L6^2+M6^2) -> 0.10514725 | O6: =IF(L6>=0,180-DEGREES(ASIN(-M6/N6)),IF(M6<0,DEGREES(ASIN(-M6/N6)),360-DEGREES(ASIN(M6/N6)))) -> 64.510299 | P6: =IF((O6+$P$1)<=360,O6+$P$1,O6+$P$1-360) -> 244.5103 | Q6: =1000*N6*COS(RADIANS(P6)) -> -45.25 | R6: =1000*N6*SIN(RADIANS(P6)) -> -94.9125 | S6: =N6*1000 -> 105.14725 | T6: =Q6-'"0" цикл 24.06'!Q5 -> -644.93687 | U6: =R6-'"0" цикл 24.06'!R5 -> -1034.7497 | V6: =SQRT(T6^2+U6^2) -> 1219.2827 | W6: =IF(V6=0,0,IF(T6>=0,DEGREES(ASIN(U6/V6)),(180-DEGREES(ASIN(U6/V6))))) -> 238.06561 | X6: =IF(W6<0,360+W6,W6) -> 238.06561
A7: 1.5 | B7: -34 | C7: 18 | D7: -119 | E7: 130 | F7: =(B7-C7)/2 -> -26 | G7: =(D7-E7)/2 -> -124.5 | H7: =ASIN(F7/20000) -> -0.0013000004 | I7: =ASIN(G7/20000) -> -0.0062250402 | J7: =0.5*SIN(H7) -> -0.00065 | K7: =0.5*SIN(I7) -> -0.0031125 | L7: =J8+L8 -> -0.0446 | M7: =K8+M8 -> -0.0918 | N7: =SQRT(L7^2+M7^2) -> 0.10206077 | O7: =IF(L7>=0,180-DEGREES(ASIN(-M7/N7)),IF(M7<0,DEGREES(ASIN(-M7/N7)),360-DEGREES(ASIN(M7/N7)))) -> 64.087721 | P7: =IF((O7+$P$1)<=360,O7+$P$1,O7+$P$1-360) -> 244.08772 | Q7: =1000*N7*COS(RADIANS(P7)) -> -44.6 | R7: =1000*N7*SIN(RADIANS(P7)) -> -91.8 | S7: =N7*1000 -> 102.06077 | T7: =Q7-'"0" цикл 24.06'!Q6 -> -650.09093 | U7: =R7-'"0" цикл 24.06'!R6 -> -1038.8753 | V7: =SQRT(T7^2+U7^2) -> 1225.5122 | W7: =IF(V7=0,0,IF(T7>=0,DEGREES(ASIN(U7/V7)),(180-DEGREES(ASIN(U7/V7))))) -> 237.96314 | X7: =IF(W7<0,360+W7,W7) -> 237.96314
A8: 2 | B8: -24 | C8: 30 | D8: -212 | E8: 218 | F8: =(B8-C8)/2 -> -27 | G8: =(D8-E8)/2 -> -215 | H8: =ASIN(F8/20000) -> -0.0013500004 | I8: =ASIN(G8/20000) -> -0.010750207 | J8: =0.5*SIN(H8) -> -0.000675 | K8: =0.5*SIN(I8) -> -0.005375 | L8: =J9+L9 -> -0.043925 | M8: =K9+M9 -> -0.086425 | N8: =SQRT(L8^2+M8^2) -> 0.096946822 | O8: =IF(L8>=0,180-DEGREES(ASIN(-M8/N8)),IF(M8<0,DEGREES(ASIN(-M8/N8)),360-DEGREES(ASIN(M8/N8)))) -> 63.058313 | P8: =IF((O8+$P$1)<=360,O8+$P$1,O8+$P$1-360) -> 243.05831 | Q8: =1000*N8*COS(RADIANS(P8)) -> -43.925 | R8: =1000*N8*SIN(RADIANS(P8)) -> -86.425 | S8: =N8*1000 -> 96.946822 | T8: =Q8-'"0" цикл 24.06'!Q7 -> -652.67906 | U8: =R8-'"0" цикл 24.06'!R7 -> -1037.3134 | V8: =SQRT(T8^2+U8^2) -> 1225.5648 | W8: =IF(V8=0,0,IF(T8>=0,DEGREES(ASIN(U8/V8)),(180-DEGREES(ASIN(U8/V8))))) -> 237.82184 | X8: =IF(W8<0,360+W8,W8) -> 237.82184
A9: 2.5 | B9: 18 | C9: -13 | D9: -267 | E9: 274 | F9: =(B9-C9)/2 -> 15.5 | G9: =(D9-E9)/2 -> -270.5 | H9: =ASIN(F9/20000) -> 0.00077500008 | I9: =ASIN(G9/20000) -> -0.013525412 | J9: =0.5*SIN(H9) -> 0.0003875 | K9: =0.5*SIN(I9) -> -0.0067625 | L9: =J10+L10 -> -0.0443125 | M9: =K10+M10 -> -0.0796625 | N9: =SQRT(L9^2+M9^2) -> 0.091157619 | O9: =IF(L9>=0,180-DEGREES(ASIN(-M9/N9)),IF(M9<0,DEGREES(ASIN(-M9/N9)),360-DEGREES(ASIN(M9/N9)))) -> 60.914872 | P9: =IF((O9+$P$1)<=360,O9+$P$1,O9+$P$1-360) -> 240.91487 | Q9: =1000*N9*COS(RADIANS(P9)) -> -44.3125 | R9: =1000*N9*SIN(RADIANS(P9)) -> -79.6625 | S9: =N9*1000 -> 91.157619 | T9: =Q9-'"0" цикл 24.06'!Q8 -> -654.96945 | U9: =R9-'"0" цикл 24.06'!R8 -> -1032.3451 | V9: =SQRT(T9^2+U9^2) -> 1222.588 | W9: =IF(V9=0,0,IF(T9>=0,DEGREES(ASIN(U9/V9)),(180-DEGREES(ASIN(U9/V9))))) -> 237.60699 | X9: =IF(W9<0,360+W9,W9) -> 237.60699
A10: 3 | B10: 69 | C10: -69 | D10: -279 | E10: 290 | F10: =(B10-C10)/2 -> 69 | G10: =(D10-E10)/2 -> -284.5 | H10: =ASIN(F10/20000) -> 0.0034500068 | I10: =ASIN(G10/20000) -> -0.01422548 | J10: =0.5*SIN(H10) -> 0.001725 | K10: =0.5*SIN(I10) -> -0.0071125 | L10: =J11+L11 -> -0.0460375 | M10: =K11+M11 -> -0.07255 | N10: =SQRT(L10^2+M10^2) -> 0.085924117 | O10: =IF(L10>=0,180-DEGREES(ASIN(-M10/N10)),IF(M10<0,DEGREES(ASIN(-M10/N10)),360-DEGREES(ASIN(M10/N10)))) -> 57.602325 | P10: =IF((O10+$P$1)<=360,O10+$P$1,O10+$P$1-360) -> 237.60233 | Q10: =1000*N10*COS(RADIANS(P10)) -> -46.0375 | R10: =1000*N10*SIN(RADIANS(P10)) -> -72.55 | S10: =N10*1000 -> 85.924117 | T10: =Q10-'"0" цикл 24.06'!Q9 -> -656.88923 | U10: =R10-'"0" цикл 24.06'!R9 -> -1024.6301 | V10: =SQRT(T10^2+U10^2) -> 1217.1156 | W10: =IF(V10=0,0,IF(T10>=0,DEGREES(ASIN(U10/V10)),(180-DEGREES(ASIN(U10/V10))))) -> 237.33611 | X10: =IF(W10<0,360+W10,W10) -> 237.33611
A11: 3.5 | B11: 107 | C11: -111 | D11: -294 | E11: 302 | F11: =(B11-C11)/2 -> 109 | G11: =(D11-E11)/2 -> -298 | H11: =ASIN(F11/20000) -> 0.005450027 | I11: =ASIN(G11/20000) -> -0.014900551 | J11: =0.5*SIN(H11) -> 0.002725 | K11: =0.5*SIN(I11) -> -0.00745 | L11: =J12+L12 -> -0.0487625 | M11: =K12+M12 -> -0.0651 | N11: =SQRT(L11^2+M11^2) -> 0.081337515 | O11: =IF(L11>=0,180-DEGREES(ASIN(-M11/N11)),IF(M11<0,DEGREES(ASIN(-M11/N11)),360-DEGREES(ASIN(M11/N11)))) -> 53.165323 | P11: =IF((O11+$P$1)<=360,O11+$P$1,O11+$P$1-360) -> 233.16532 | Q11: =1000*N11*COS(RADIANS(P11)) -> -48.7625 | R11: =1000*N11*SIN(RADIANS(P11)) -> -65.1 | S11: =N11*1000 -> 81.337515 | T11: =Q11-'"0" цикл 24.06'!Q10 -> -657.74224 | U11: =R11-'"0" цикл 24.06'!R10 -> -1013.7436 | V11: =SQRT(T11^2+U11^2) -> 1208.4291 | W11: =IF(V11=0,0,IF(T11>=0,DEGREES(ASIN(U11/V11)),(180-DEGREES(ASIN(U11/V11))))) -> 237.02348 | X11: =IF(W11<0,360+W11,W11) -> 237.02348
A12: 4 | B12: 184 | C12: -185 | D12: -311 | E12: 319 | F12: =(B12-C12)/2 -> 184.5 | G12: =(D12-E12)/2 -> -315 | H12: =ASIN(F12/20000) -> 0.0092251308 | I12: =ASIN(G12/20000) -> -0.015750651 | J12: =0.5*SIN(H12) -> 0.0046125 | K12: =0.5*SIN(I12) -> -0.007875 | L12: =J13+L13 -> -0.053375 | M12: =K13+M13 -> -0.057225 | N12: =SQRT(L12^2+M12^2) -> 0.078253379 | O12: =IF(L12>=0,180-DEGREES(ASIN(-M12/N12)),IF(M12<0,DEGREES(ASIN(-M12/N12)),360-DEGREES(ASIN(M12/N12)))) -> 46.993668 | P12: =IF((O12+$P$1)<=360,O12+$P$1,O12+$P$1-360) -> 226.99367 | Q12: =1000*N12*COS(RADIANS(P12)) -> -53.375 | R12: =1000*N12*SIN(RADIANS(P12)) -> -57.225 | S12: =N12*1000 -> 78.253379 | T12: =Q12-'"0" цикл 24.06'!Q11 -> -658.45252 | U12: =R12-'"0" цикл 24.06'!R11 -> -999.79331 | V12: =SQRT(T12^2+U12^2) -> 1197.1409 | W12: =IF(V12=0,0,IF(T12>=0,DEGREES(ASIN(U12/V12)),(180-DEGREES(ASIN(U12/V12))))) -> 236.63155 | X12: =IF(W12<0,360+W12,W12) -> 236.63155
A13: 4.5 | B13: 232 | C13: -238 | D13: -283 | E13: 293 | F13: =(B13-C13)/2 -> 235 | G13: =(D13-E13)/2 -> -288 | H13: =ASIN(F13/20000) -> 0.01175027 | I13: =ASIN(G13/20000) -> -0.014400498 | J13: =0.5*SIN(H13) -> 0.005875 | K13: =0.5*SIN(I13) -> -0.0072 | L13: =J14+L14 -> -0.05925 | M13: =K14+M14 -> -0.050025 | N13: =SQRT(L13^2+M13^2) -> 0.077543943 | O13: =IF(L13>=0,180-DEGREES(ASIN(-M13/N13)),IF(M13<0,DEGREES(ASIN(-M13/N13)),360-DEGREES(ASIN(M13/N13)))) -> 40.17453 | P13: =IF((O13+$P$1)<=360,O13+$P$1,O13+$P$1-360) -> 220.17453 | Q13: =1000*N13*COS(RADIANS(P13)) -> -59.25 | R13: =1000*N13*SIN(RADIANS(P13)) -> -50.025 | S13: =N13*1000 -> 77.543943 | T13: =Q13-'"0" цикл 24.06'!Q12 -> -661.34532 | U13: =R13-'"0" цикл 24.06'!R12 -> -987.45138 | V13: =SQRT(T13^2+U13^2) -> 1188.4603 | W13: =IF(V13=0,0,IF(T13>=0,DEGREES(ASIN(U13/V13)),(180-DEGREES(ASIN(U13/V13))))) -> 236.18781 | X13: =IF(W13<0,360+W13,W13) -> 236.18781
A14: 5 | B14: 203 | C14: -198 | D14: -242 | E14: 249 | F14: =(B14-C14)/2 -> 200.5 | G14: =(D14-E14)/2 -> -245.5 | H14: =ASIN(F14/20000) -> 0.010025168 | I14: =ASIN(G14/20000) -> -0.012275308 | J14: =0.5*SIN(H14) -> 0.0050125 | K14: =0.5*SIN(I14) -> -0.0061375 | L14: =J15+L15 -> -0.0642625 | M14: =K15+M15 -> -0.0438875 | N14: =SQRT(L14^2+M14^2) -> 0.077818902 | O14: =IF(L14>=0,180-DEGREES(ASIN(-M14/N14)),IF(M14<0,DEGREES(ASIN(-M14/N14)),360-DEGREES(ASIN(M14/N14)))) -> 34.330773 | P14: =IF((O14+$P$1)<=360,O14+$P$1,O14+$P$1-360) -> 214.33077 | Q14: =1000*N14*COS(RADIANS(P14)) -> -64.2625 | R14: =1000*N14*SIN(RADIANS(P14)) -> -43.8875 | S14: =N14*1000 -> 77.818902 | T14: =Q14-'"0" цикл 24.06'!Q13 -> -664.80315 | U14: =R14-'"0" цикл 24.06'!R13 -> -978.3449 | V14: =SQRT(T14^2+U14^2) -> 1182.8449 | W14: =IF(V14=0,0,IF(T14>=0,DEGREES(ASIN(U14/V14)),(180-DEGREES(ASIN(U14/V14))))) -> 235.80318 | X14: =IF(W14<0,360+W14,W14) -> 235.80318
A15: 5.5 | B15: 150 | C15: -152 | D15: -178 | E15: 187 | F15: =(B15-C15)/2 -> 151 | G15: =(D15-E15)/2 -> -182.5 | H15: =ASIN(F15/20000) -> 0.0075500717 | I15: =ASIN(G15/20000) -> -0.0091251266 | J15: =0.5*SIN(H15) -> 0.003775 | K15: =0.5*SIN(I15) -> -0.0045625 | L15: =J16+L16 -> -0.0680375 | M15: =K16+M16 -> -0.039325 | N15: =SQRT(L15^2+M15^2) -> 0.078584712 | O15: =IF(L15>=0,180-DEGREES(ASIN(-M15/N15)),IF(M15<0,DEGREES(ASIN(-M15/N15)),360-DEGREES(ASIN(M15/N15)))) -> 30.027486 | P15: =IF((O15+$P$1)<=360,O15+$P$1,O15+$P$1-360) -> 210.02749 | Q15: =1000*N15*COS(RADIANS(P15)) -> -68.0375 | R15: =1000*N15*SIN(RADIANS(P15)) -> -39.325 | S15: =N15*1000 -> 78.584712 | T15: =Q15-'"0" цикл 24.06'!Q14 -> -669.47687 | U15: =R15-'"0" цикл 24.06'!R14 -> -974.2834 | V15: =SQRT(T15^2+U15^2) -> 1182.1283 | W15: =IF(V15=0,0,IF(T15>=0,DEGREES(ASIN(U15/V15)),(180-DEGREES(ASIN(U15/V15))))) -> 235.50517 | X15: =IF(W15<0,360+W15,W15) -> 235.50517
... A53: 24.5 | B53: -268 | C53: 267 | D53: 197 | E53: -188 | F53: =(B53-C53)/2 -> -267.5 | G53: =(D53-E53)/2 -> 192.5 | H53: =ASIN(F53/20000) -> -0.013375399 | I53: =ASIN(G53/20000) -> 0.0096251486 | J53: =0.5*SIN(H53) -> -0.0066875 | K53: =0.5*SIN(I53) -> 0.0048125 | L53: =J54+L54 -> -0.0069 | M53: =K54+M54 -> 0.0051125 | N53: =SQRT(L53^2+M53^2) -> 0.0085876456 | O53: =IF(L53>=0,180-DEGREES(ASIN(-M53/N53)),IF(M53<0,DEGREES(ASIN(-M53/N53)),360-DEGREES(ASIN(M53/N53)))) -> 323.4637 | P53: =IF((O53+$P$1)<=360,O53+$P$1,O53+$P$1-360) -> 143.4637 | Q53: =1000*N53*COS(RADIANS(P53)) -> -6.9 | R53: =1000*N53*SIN(RADIANS(P53)) -> 5.1125 | S53: =N53*1000 -> 8.5876456 | T53: =Q53-'"0" цикл 24.06'!Q52 -> -630.19177 | U53: =R53-'"0" цикл 24.06'!R52 -> -930.92853 | V53: =SQRT(T53^2+U53^2) -> 1124.1751 | W53: =IF(V53=0,0,IF(T53>=0,DEGREES(ASIN(U53/V53)),(180-DEGREES(ASIN(U53/V53))))) -> 235.90398 | X53: =IF(W53<0,360+W53,W53) -> 235.90398
A54: 25 | B54: -279 | C54: 273 | D54: 209 | E54: -200 | F54: =(B54-C54)/2 -> -276 | G54: =(D54-E54)/2 -> 204.5 | H54: =ASIN(F54/20000) -> -0.013800438 | I54: =ASIN(G54/20000) -> 0.010225178 | J54: =0.5*SIN(H54) -> -0.0069 | K54: =0.5*SIN(I54) -> 0.0051125 | L54: =J55+L55 -> 0 | M54: =K55+M55 -> 0 | N54: =SQRT(L54^2+M54^2) -> 0 | O54: 0 | P54: 0 | Q54: =1000*N54*COS(RADIANS(P54)) -> 0 | R54: =1000*N54*SIN(RADIANS(P54)) -> 0 | S54: =N54*1000 -> 0 | T54: =Q54-'"0" цикл 24.06'!Q53 -> -609.23572 | U54: =R54-'"0" цикл 24.06'!R53 -> -915.46943 | V54: =SQRT(T54^2+U54^2) -> 1099.6601 | W54: =IF(V54=0,0,IF(T54>=0,DEGREES(ASIN(U54/V54)),(180-DEGREES(ASIN(U54/V54))))) -> 236.35663 | X54: =IF(W54<0,360+W54,W54) -> 236.35663

Sheet 11
B1: Данные с инклинометра | H1: Цикл 11 (08.08.2024) | O1: Аз скв | P1: 180
A2: Глубина | B2: А1 | C2: А3 | D2: В1 | E2: В3 | F2: A | G2: В | H2: αА | I2: αВ | J2: Da i | K2: Db i | L2: Da | M2: Db | N2: D | O2: Аз (A-B) | Q2: D сев | R2: D восток | S2: D | T2: ΔD сев | U2: ΔD восток | V2: ΔD | X2: Аз откл
A3: -0.5 | F3: =(B3-C3)/2 -> 0 | G3: =(D3-E3)/2 -> 0 | H3: =ASIN(F3/20000) -> 0 | I3: =ASIN(G3/20000) -> 0 | J3: =0.5*SIN(H3) -> 0 | K3: =0.5*SIN(I3) -> 0 | L3: =J4+L4 -> 0 | M3: =K4+M4 -> 0 | N3: =SQRT(L3^2+M3^2) -> 0 | O3: =IF(L3>=0,180-DEGREES(ASIN(-M3/N3)),IF(M3<0,DEGREES(ASIN(-M3/N3)),360-DEGREES(ASIN(M3/N3)))) -> #DIV/0! | P3: =IF((O3+$P$1)<=360,O3+$P$1,O3+$P$1-360) -> #DIV/0! | Q3: =1000*N3*COS(RADIANS(P3)) -> #DIV/0! | R3: =1000*N3*SIN(RADIANS(P3)) -> #DIV/0! | S3: =N3*1000 -> 0 | T3: =Q3-'"0" цикл 24.06'!#REF! -> #DIV/0! | U3: =R3-'"0" цикл 24.06'!#REF! -> #DIV/0! | V3: =SQRT(T3^2+U3^2) -> #DIV/0! | W3: =IF(V3=0,0,IF(T3>=0,DEGREES(ASIN(U3/V3)),(180-DEGREES(ASIN(U3/V3))))) -> #DIV/0! | X3: =IF(W3<0,360+W3,W3) -> #DIV/0!
A4: 0 | F4: =(B4-C4)/2 -> 0 | G4: =(D4-E4)/2 -> 0 | H4: =ASIN(F4/20000) -> 0 | I4: =ASIN(G4/20000) -> 0 | J4: =0.5*SIN(H4) -> 0 | K4: =0.5*SIN(I4) -> 0 | L4: =J5+L5 -> 0 | M4: =K5+M5 -> 0 | N4: =SQRT(L4^2+M4^2) -> 0 | O4: =IF(L4>=0,180-DEGREES(ASIN(-M4/N4)),IF(M4<0,DEGREES(ASIN(-M4/N4)),360-DEGREES(ASIN(M4/N4)))) -> #DIV/0! | P4: =IF((O4+$P$1)<=360,O4+$P$1,O4+$P$1-360) -> #DIV/0! | Q4: =1000*N4*COS(RADIANS(P4)) -> #DIV/0! | R4: =1000*N4*SIN(RADIANS(P4)) -> #DIV/0! | S4: =N4*1000 -> 0 | T4: =Q4-'"0" цикл 24.06'!Q3 -> #DIV/0! | U4: =R4-'"0" цикл 24.06'!R3 -> #DIV/0! | V4: =SQRT(T4^2+U4^2) -> #DIV/0! | W4: =IF(V4=0,0,IF(T4>=0,DEGREES(ASIN(U4/V4)),(180-DEGREES(ASIN(U4/V4))))) -> #DIV/0! | X4: =IF(W4<0,360+W4,W4) -> #DIV/0!
A5: 0.5 | F5: =(B5-C5)/2 -> 0 | G5: =(D5-E5)/2 -> 0 | H5: =ASIN(F5/20000) -> 0 | I5: =ASIN(G5/20000) -> 0 | J5: =0.5*SIN(H5) -> 0 | K5: =0.5*SIN(I5) -> 0 | L5: =J6+L6 -> 0 | M5: =K6+M6 -> 0 | N5: =SQRT(L5^2+M5^2) -> 0 | O5: =IF(L5>=0,180-DEGREES(ASIN(-M5/N5)),IF(M5<0,DEGREES(ASIN(-M5/N5)),360-DEGREES(ASIN(M5/N5)))) -> #DIV/0! | P5: =IF((O5+$P$1)<=360,O5+$P$1,O5+$P$1-360) -> #DIV/0! | Q5: =1000*N5*COS(RADIANS(P5)) -> #DIV/0! | R5: =1000*N5*SIN(RADIANS(P5)) -> #DIV/0! | S5: =N5*1000 -> 0 | T5: =Q5-'"0" цикл 24.06'!Q4 -> #DIV/0! | U5: =R5-'"0" цикл 24.06'!R4 -> #DIV/0! | V5: =SQRT(T5^2+U5^2) -> #DIV/0! | W5: =IF(V5=0,0,IF(T5>=0,DEGREES(ASIN(U5/V5)),(180-DEGREES(ASIN(U5/V5))))) -> #DIV/0! | X5: =IF(W5<0,360+W5,W5) -> #DIV/0!
A6: 1 | F6: =(B6-C6)/2 -> 0 | G6: =(D6-E6)/2 -> 0 | H6: =ASIN(F6/20000) -> 0 | I6: =ASIN(G6/20000) -> 0 | J6: =0.5*SIN(H6) -> 0 | K6: =0.5*SIN(I6) -> 0 | L6: =J7+L7 -> 0 | M6: =K7+M7 -> 0 | N6: =SQRT(L6^2+M6^2) -> 0 | O6: =IF(L6>=0,180-DEGREES(ASIN(-M6/N6)),IF(M6<0,DEGREES(ASIN(-M6/N6)),360-DEGREES(ASIN(M6/N6)))) -> #DIV/0! | P6: =IF((O6+$P$1)<=360,O6+$P$1,O6+$P$1-360) -> #DIV/0! | Q6: =1000*N6*COS(RADIANS(P6)) -> #DIV/0! | R6: =1000*N6*SIN(RADIANS(P6)) -> #DIV/0! | S6: =N6*1000 -> 0 | T6: =Q6-'"0" цикл 24.06'!Q5 -> #DIV/0! | U6: =R6-'"0" цикл 24.06'!R5 -> #DIV/0! | V6: =SQRT(T6^2+U6^2) -> #DIV/0! | W6: =IF(V6=0,0,IF(T6>=0,DEGREES(ASIN(U6/V6)),(180-DEGREES(ASIN(U6/V6))))) -> #DIV/0! | X6: =IF(W6<0,360+W6,W6) -> #DIV/0!
A7: 1.5 | F7: =(B7-C7)/2 -> 0 | G7: =(D7-E7)/2 -> 0 | H7: =ASIN(F7/20000) -> 0 | I7: =ASIN(G7/20000) -> 0 | J7: =0.5*SIN(H7) -> 0 | K7: =0.5*SIN(I7) -> 0 | L7: =J8+L8 -> 0 | M7: =K8+M8 -> 0 | N7: =SQRT(L7^2+M7^2) -> 0 | O7: =IF(L7>=0,180-DEGREES(ASIN(-M7/N7)),IF(M7<0,DEGREES(ASIN(-M7/N7)),360-DEGREES(ASIN(M7/N7)))) -> #DIV/0! | P7: =IF((O7+$P$1)<=360,O7+$P$1,O7+$P$1-360) -> #DIV/0! | Q7: =1000*N7*COS(RADIANS(P7)) -> #DIV/0! | R7: =1000*N7*SIN(RADIANS(P7)) -> #DIV/0! | S7: =N7*1000 -> 0 | T7: =Q7-'"0" цикл 24.06'!Q6 -> #DIV/0! | U7: =R7-'"0" цикл 24.06'!R6 -> #DIV/0! | V7: =SQRT(T7^2+U7^2) -> #DIV/0! | W7: =IF(V7=0,0,IF(T7>=0,DEGREES(ASIN(U7/V7)),(180-DEGREES(ASIN(U7/V7))))) -> #DIV/0! | X7: =IF(W7<0,360+W7,W7) -> #DIV/0!
A8: 2 | F8: =(B8-C8)/2 -> 0 | G8: =(D8-E8)/2 -> 0 | H8: =ASIN(F8/20000) -> 0 | I8: =ASIN(G8/20000) -> 0 | J8: =0.5*SIN(H8) -> 0 | K8: =0.5*SIN(I8) -> 0 | L8: =J9+L9 -> 0 | M8: =K9+M9 -> 0 | N8: =SQRT(L8^2+M8^2) -> 0 | O8: =IF(L8>=0,180-DEGREES(ASIN(-M8/N8)),IF(M8<0,DEGREES(ASIN(-M8/N8)),360-DEGREES(ASIN(M8/N8)))) -> #DIV/0! | P8: =IF((O8+$P$1)<=360,O8+$P$1,O8+$P$1-360) -> #DIV/0! | Q8: =1000*N8*COS(RADIANS(P8)) -> #DIV/0! | R8: =1000*N8*SIN(RADIANS(P8)) -> #DIV/0! | S8: =N8*1000 -> 0 | T8: =Q8-'"0" цикл 24.06'!Q7 -> #DIV/0! | U8: =R8-'"0" цикл 24.06'!R7 -> #DIV/0! | V8: =SQRT(T8^2+U8^2) -> #DIV/0! | W8: =IF(V8=0,0,IF(T8>=0,DEGREES(ASIN(U8/V8)),(180-DEGREES(ASIN(U8/V8))))) -> #DIV/0! | X8: =IF(W8<0,360+W8,W8) -> #DIV/0!
A9: 2.5 | F9: =(B9-C9)/2 -> 0 | G9: =(D9-E9)/2 -> 0 | H9: =ASIN(F9/20000) -> 0 | I9: =ASIN(G9/20000) -> 0 | J9: =0.5*SIN(H9) -> 0 | K9: =0.5*SIN(I9) -> 0 | L9: =J10+L10 -> 0 | M9: =K10+M10 -> 0 | N9: =SQRT(L9^2+M9^2) -> 0 | O9: =IF(L9>=0,180-DEGREES(ASIN(-M9/N9)),IF(M9<0,DEGREES(ASIN(-M9/N9)),360-DEGREES(ASIN(M9/N9)))) -> #DIV/0! | P9: =IF((O9+$P$1)<=360,O9+$P$1,O9+$P$1-360) -> #DIV/0! | Q9: =1000*N9*COS(RADIANS(P9)) -> #DIV/0! | R9: =1000*N9*SIN(RADIANS(P9)) -> #DIV/0! | S9: =N9*1000 -> 0 | T9: =Q9-'"0" цикл 24.06'!Q8 -> #DIV/0! | U9: =R9-'"0" цикл 24.06'!R8 -> #DIV/0! | V9: =SQRT(T9^2+U9^2) -> #DIV/0! | W9: =IF(V9=0,0,IF(T9>=0,DEGREES(ASIN(U9/V9)),(180-DEGREES(ASIN(U9/V9))))) -> #DIV/0! | X9: =IF(W9<0,360+W9,W9) -> #DIV/0!
A10: 3 | F10: =(B10-C10)/2 -> 0 | G10: =(D10-E10)/2 -> 0 | H10: =ASIN(F10/20000) -> 0 | I10: =ASIN(G10/20000) -> 0 | J10: =0.5*SIN(H10) -> 0 | K10: =0.5*SIN(I10) -> 0 | L10: =J11+L11 -> 0 | M10: =K11+M11 -> 0 | N10: =SQRT(L10^2+M10^2) -> 0 | O10: =IF(L10>=0,180-DEGREES(ASIN(-M10/N10)),IF(M10<0,DEGREES(ASIN(-M10/N10)),360-DEGREES(ASIN(M10/N10)))) -> #DIV/0! | P10: =IF((O10+$P$1)<=360,O10+$P$1,O10+$P$1-360) -> #DIV/0! | Q10: =1000*N10*COS(RADIANS(P10)) -> #DIV/0! | R10: =1000*N10*SIN(RADIANS(P10)) -> #DIV/0! | S10: =N10*1000 -> 0 | T10: =Q10-'"0" цикл 24.06'!Q9 -> #DIV/0! | U10: =R10-'"0" цикл 24.06'!R9 -> #DIV/0! | V10: =SQRT(T10^2+U10^2) -> #DIV/0! | W10: =IF(V10=0,0,IF(T10>=0,DEGREES(ASIN(U10/V10)),(180-DEGREES(ASIN(U10/V10))))) -> #DIV/0! | X10: =IF(W10<0,360+W10,W10) -> #DIV/0!
A11: 3.5 | F11: =(B11-C11)/2 -> 0 | G11: =(D11-E11)/2 -> 0 | H11: =ASIN(F11/20000) -> 0 | I11: =ASIN(G11/20000) -> 0 | J11: =0.5*SIN(H11) -> 0 | K11: =0.5*SIN(I11) -> 0 | L11: =J12+L12 -> 0 | M11: =K12+M12 -> 0 | N11: =SQRT(L11^2+M11^2) -> 0 | O11: =IF(L11>=0,180-DEGREES(ASIN(-M11/N11)),IF(M11<0,DEGREES(ASIN(-M11/N11)),360-DEGREES(ASIN(M11/N11)))) -> #DIV/0! | P11: =IF((O11+$P$1)<=360,O11+$P$1,O11+$P$1-360) -> #DIV/0! | Q11: =1000*N11*COS(RADIANS(P11)) -> #DIV/0! | R11: =1000*N11*SIN(RADIANS(P11)) -> #DIV/0! | S11: =N11*1000 -> 0 | T11: =Q11-'"0" цикл 24.06'!Q10 -> #DIV/0! | U11: =R11-'"0" цикл 24.06'!R10 -> #DIV/0! | V11: =SQRT(T11^2+U11^2) -> #DIV/0! | W11: =IF(V11=0,0,IF(T11>=0,DEGREES(ASIN(U11/V11)),(180-DEGREES(ASIN(U11/V11))))) -> #DIV/0! | X11: =IF(W11<0,360+W11,W11) -> #DIV/0!
A12: 4 | F12: =(B12-C12)/2 -> 0 | G12: =(D12-E12)/2 -> 0 | H12: =ASIN(F12/20000) -> 0 | I12: =ASIN(G12/20000) -> 0 | J12: =0.5*SIN(H12) -> 0 | K12: =0.5*SIN(I12) -> 0 | L12: =J13+L13 -> 0 | M12: =K13+M13 -> 0 | N12: =SQRT(L12^2+M12^2) -> 0 | O12: =IF(L12>=0,180-DEGREES(ASIN(-M12/N12)),IF(M12<0,DEGREES(ASIN(-M12/N12)),360-DEGREES(ASIN(M12/N12)))) -> #DIV/0! | P12: =IF((O12+$P$1)<=360,O12+$P$1,O12+$P$1-360) -> #DIV/0! | Q12: =1000*N12*COS(RADIANS(P12)) -> #DIV/0! | R12: =1000*N12*SIN(RADIANS(P12)) -> #DIV/0! | S12: =N12*1000 -> 0 | T12: =Q12-'"0" цикл 24.06'!Q11 -> #DIV/0! | U12: =R12-'"0" цикл 24.06'!R11 -> #DIV/0! | V12: =SQRT(T12^2+U12^2) -> #DIV/0! | W12: =IF(V12=0,0,IF(T12>=0,DEGREES(ASIN(U12/V12)),(180-DEGREES(ASIN(U12/V12))))) -> #DIV/0! | X12: =IF(W12<0,360+W12,W12) -> #DIV/0!
A13: 4.5 | F13: =(B13-C13)/2 -> 0 | G13: =(D13-E13)/2 -> 0 | H13: =ASIN(F13/20000) -> 0 | I13: =ASIN(G13/20000) -> 0 | J13: =0.5*SIN(H13) -> 0 | K13: =0.5*SIN(I13) -> 0 | L13: =J14+L14 -> 0 | M13: =K14+M14 -> 0 | N13: =SQRT(L13^2+M13^2) -> 0 | O13: =IF(L13>=0,180-DEGREES(ASIN(-M13/N13)),IF(M13<0,DEGREES(ASIN(-M13/N13)),360-DEGREES(ASIN(M13/N13)))) -> #DIV/0! | P13: =IF((O13+$P$1)<=360,O13+$P$1,O13+$P$1-360) -> #DIV/0! | Q13: =1000*N13*COS(RADIANS(P13)) -> #DIV/0! | R13: =1000*N13*SIN(RADIANS(P13)) -> #DIV/0! | S13: =N13*1000 -> 0 | T13: =Q13-'"0" цикл 24.06'!Q12 -> #DIV/0! | U13: =R13-'"0" цикл 24.06'!R12 -> #DIV/0! | V13: =SQRT(T13^2+U13^2) -> #DIV/0! | W13: =IF(V13=0,0,IF(T13>=0,DEGREES(ASIN(U13/V13)),(180-DEGREES(ASIN(U13/V13))))) -> #DIV/0! | X13: =IF(W13<0,360+W13,W13) -> #DIV/0!
A14: 5 | F14: =(B14-C14)/2 -> 0 | G14: =(D14-E14)/2 -> 0 | H14: =ASIN(F14/20000) -> 0 | I14: =ASIN(G14/20000) -> 0 | J14: =0.5*SIN(H14) -> 0 | K14: =0.5*SIN(I14) -> 0 | L14: =J15+L15 -> 0 | M14: =K15+M15 -> 0 | N14: =SQRT(L14^2+M14^2) -> 0 | O14: =IF(L14>=0,180-DEGREES(ASIN(-M14/N14)),IF(M14<0,DEGREES(ASIN(-M14/N14)),360-DEGREES(ASIN(M14/N14)))) -> #DIV/0! | P14: =IF((O14+$P$1)<=360,O14+$P$1,O14+$P$1-360) -> #DIV/0! | Q14: =1000*N14*COS(RADIANS(P14)) -> #DIV/0! | R14: =1000*N14*SIN(RADIANS(P14)) -> #DIV/0! | S14: =N14*1000 -> 0 | T14: =Q14-'"0" цикл 24.06'!Q13 -> #DIV/0! | U14: =R14-'"0" цикл 24.06'!R13 -> #DIV/0! | V14: =SQRT(T14^2+U14^2) -> #DIV/0! | W14: =IF(V14=0,0,IF(T14>=0,DEGREES(ASIN(U14/V14)),(180-DEGREES(ASIN(U14/V14))))) -> #DIV/0! | X14: =IF(W14<0,360+W14,W14) -> #DIV/0!
A15: 5.5 | F15: =(B15-C15)/2 -> 0 | G15: =(D15-E15)/2 -> 0 | H15: =ASIN(F15/20000) -> 0 | I15: =ASIN(G15/20000) -> 0 | J15: =0.5*SIN(H15) -> 0 | K15: =0.5*SIN(I15) -> 0 | L15: =J16+L16 -> 0 | M15: =K16+M16 -> 0 | N15: =SQRT(L15^2+M15^2) -> 0 | O15: =IF(L15>=0,180-DEGREES(ASIN(-M15/N15)),IF(M15<0,DEGREES(ASIN(-M15/N15)),360-DEGREES(ASIN(M15/N15)))) -> #DIV/0! | P15: =IF((O15+$P$1)<=360,O15+$P$1,O15+$P$1-360) -> #DIV/0! | Q15: =1000*N15*COS(RADIANS(P15)) -> #DIV/0! | R15: =1000*N15*SIN(RADIANS(P15)) -> #DIV/0! | S15: =N15*1000 -> 0 | T15: =Q15-'"0" цикл 24.06'!Q14 -> #DIV/0! | U15: =R15-'"0" цикл 24.06'!R14 -> #DIV/0! | V15: =SQRT(T15^2+U15^2) -> #DIV/0! | W15: =IF(V15=0,0,IF(T15>=0,DEGREES(ASIN(U15/V15)),(180-DEGREES(ASIN(U15/V15))))) -> #DIV/0! | X15: =IF(W15<0,360+W15,W15) -> #DIV/0!
... A53: 24.5 | F53: =(B53-C53)/2 -> 0 | G53: =(D53-E53)/2 -> 0 | H53: =ASIN(F53/20000) -> 0 | I53: =ASIN(G53/20000) -> 0 | J53: =0.5*SIN(H53) -> 0 | K53: =0.5*SIN(I53) -> 0 | L53: =J54+L54 -> 0 | M53: =K54+M54 -> 0 | N53: =SQRT(L53^2+M53^2) -> 0 | O53: =IF(L53>=0,180-DEGREES(ASIN(-M53/N53)),IF(M53<0,DEGREES(ASIN(-M53/N53)),360-DEGREES(ASIN(M53/N53)))) -> #DIV/0! | P53: =IF((O53+$P$1)<=360,O53+$P$1,O53+$P$1-360) -> #DIV/0! | Q53: =1000*N53*COS(RADIANS(P53)) -> #DIV/0! | R53: =1000*N53*SIN(RADIANS(P53)) -> #DIV/0! | S53: =N53*1000 -> 0 | T53: =Q53-'"0" цикл 24.06'!Q52 -> #DIV/0! | U53: =R53-'"0" цикл 24.06'!R52 -> #DIV/0! | V53: =SQRT(T53^2+U53^2) -> #DIV/0! | W53: =IF(V53=0,0,IF(T53>=0,DEGREES(ASIN(U53/V53)),(180-DEGREES(ASIN(U53/V53))))) -> #DIV/0! | X53: =IF(W53<0,360+W53,W53) -> #DIV/0!
A54: 25 | F54: =(B54-C54)/2 -> 0 | G54: =(D54-E54)/2 -> 0 | H54: =ASIN(F54/20000) -> 0 | I54: =ASIN(G54/20000) -> 0 | J54: =0.5*SIN(H54) -> 0 | K54: =0.5*SIN(I54) -> 0 | L54: =J55+L55 -> 0 | M54: =K55+M55 -> 0 | N54: =SQRT(L54^2+M54^2) -> 0 | O54: 0 | P54: 0 | Q54: =1000*N54*COS(RADIANS(P54)) -> 0 | R54: =1000*N54*SIN(RADIANS(P54)) -> 0 | S54: =N54*1000 -> 0 | T54: =Q54-'"0" цикл 24.06'!Q53 -> -609.23572 | U54: =R54-'"0" цикл 24.06'!R53 -> -915.46943 | V54: =SQRT(T54^2+U54^2) -> 1099.6601 | W54: =IF(V54=0,0,IF(T54>=0,DEGREES(ASIN(U54/V54)),(180-DEGREES(ASIN(U54/V54))))) -> 236.35663 | X54: =IF(W54<0,360+W54,W54) -> 236.35663

Sheet 12
B1: Данные с инклинометра | H1: Цикл 12 (09.08.2024) | O1: Аз скв | P1: 180
A2: Глубина | B2: А1 | C2: А3 | D2: В1 | E2: В3 | F2: A | G2: В | H2: αА | I2: αВ | J2: Da i | K2: Db i | L2: Da | M2: Db | N2: D | O2: Аз (A-B) | Q2: D сев | R2: D восток | S2: D | T2: ΔD сев | U2: ΔD восток | V2: ΔD | X2: Аз откл
A3: -0.5 | F3: =(B3-C3)/2 -> 0 | G3: =(D3-E3)/2 -> 0 | H3: =ASIN(F3/20000) -> 0 | I3: =ASIN(G3/20000) -> 0 | J3: =0.5*SIN(H3) -> 0 | K3: =0.5*SIN(I3) -> 0 | L3: =J4+L4 -> 0 | M3: =K4+M4 -> 0 | N3: =SQRT(L3^2+M3^2) -> 0 | O3: =IF(L3>=0,180-DEGREES(ASIN(-M3/N3)),IF(M3<0,DEGREES(ASIN(-M3/N3)),360-DEGREES(ASIN(M3/N3)))) -> #DIV/0! | P3: =IF((O3+$P$1)<=360,O3+$P$1,O3+$P$1-360) -> #DIV/0! | Q3: =1000*N3*COS(RADIANS(P3)) -> #DIV/0! | R3: =1000*N3*SIN(RADIANS(P3)) -> #DIV/0! | S3: =N3*1000 -> 0 | T3: =Q3-'"0" цикл 24.06'!#REF! -> #DIV/0! | U3: =R3-'"0" цикл 24.06'!#REF! -> #DIV/0! | V3: =SQRT(T3^2+U3^2) -> #DIV/0! | W3: =IF(V3=0,0,IF(T3>=0,DEGREES(ASIN(U3/V3)),(180-DEGREES(ASIN(U3/V3))))) -> #DIV/0! | X3: =IF(W3<0,360+W3,W3) -> #DIV/0!
A4: 0 | F4: =(B4-C4)/2 -> 0 | G4: =(D4-E4)/2 -> 0 | H4: =ASIN(F4/20000) -> 0 | I4: =ASIN(G4/20000) -> 0 | J4: =0.5*SIN(H4) -> 0 | K4: =0.5*SIN(I4) -> 0 | L4: =J5+L5 -> 0 | M4: =K5+M5 -> 0 | N4: =SQRT(L4^2+M4^2) -> 0 | O4: =IF(L4>=0,180-DEGREES(ASIN(-M4/N4)),IF(M4<0,DEGREES(ASIN(-M4/N4)),360-DEGREES(ASIN(M4/N4)))) -> #DIV/0! | P4: =IF((O4+$P$1)<=360,O4+$P$1,O4+$P$1-360) -> #DIV/0! | Q4: =1000*N4*COS(RADIANS(P4)) -> #DIV/0! | R4: =1000*N4*SIN(RADIANS(P4)) -> #DIV/0! | S4: =N4*1000 -> 0 | T4: =Q4-'"0" цикл 24.06'!Q3 -> #DIV/0! | U4: =R4-'"0" цикл 24.06'!R3 -> #DIV/0! | V4: =SQRT(T4^2+U4^2) -> #DIV/0! | W4: =IF(V4=0,0,IF(T4>=0,DEGREES(ASIN(U4/V4)),(180-DEGREES(ASIN(U4/V4))))) -> #DIV/0! | X4: =IF(W4<0,360+W4,W4) -> #DIV/0!
A5: 0.5 | F5: =(B5-C5)/2 -> 0 | G5: =(D5-E5)/2 -> 0 | H5: =ASIN(F5/20000) -> 0 | I5: =ASIN(G5/20000) -> 0 | J5: =0.5*SIN(H5) -> 0 | K5: =0.5*SIN(I5) -> 0 | L5: =J6+L6 -> 0 | M5: =K6+M6 -> 0 | N5: =SQRT(L5^2+M5^2) -> 0 | O5: =IF(L5>=0,180-DEGREES(ASIN(-M5/N5)),IF(M5<0,DEGREES(ASIN(-M5/N5)),360-DEGREES(ASIN(M5/N5)))) -> #DIV/0! | P5: =IF((O5+$P$1)<=360,O5+$P$1,O5+$P$1-360) -> #DIV/0! | Q5: =1000*N5*COS(RADIANS(P5)) -> #DIV/0! | R5: =1000*N5*SIN(RADIANS(P5)) -> #DIV/0! | S5: =N5*1000 -> 0 | T5: =Q5-'"0" цикл 24.06'!Q4 -> #DIV/0! | U5: =R5-'"0" цикл 24.06'!R4 -> #DIV/0! | V5: =SQRT(T5^2+U5^2) -> #DIV/0! | W5: =IF(V5=0,0,IF(T5>=0,DEGREES(ASIN(U5/V5)),(180-DEGREES(ASIN(U5/V5))))) -> #DIV/0! | X5: =IF(W5<0,360+W5,W5) -> #DIV/0!
A6: 1 | F6: =(B6-C6)/2 -> 0 | G6: =(D6-E6)/2 -> 0 | H6: =ASIN(F6/20000) -> 0 | I6: =ASIN(G6/20000) -> 0 | J6: =0.5*SIN(H6) -> 0 | K6: =0.5*SIN(I6) -> 0 | L6: =J7+L7 -> 0 | M6: =K7+M7 -> 0 | N6: =SQRT(L6^2+M6^2) -> 0 | O6: =IF(L6>=0,180-DEGREES(ASIN(-M6/N6)),IF(M6<0,DEGREES(ASIN(-M6/N6)),360-DEGREES(ASIN(M6/N6)))) -> #DIV/0! | P6: =IF((O6+$P$1)<=360,O6+$P$1,O6+$P$1-360) -> #DIV/0! | Q6: =1000*N6*COS(RADIANS(P6)) -> #DIV/0! | R6: =1000*N6*SIN(RADIANS(P6)) -> #DIV/0! | S6: =N6*1000 -> 0 | T6: =Q6-'"0" цикл 24.06'!Q5 -> #DIV/0! | U6: =R6-'"0" цикл 24.06'!R5 -> #DIV/0! | V6: =SQRT(T6^2+U6^2) -> #DIV/0! | W6: =IF(V6=0,0,IF(T6>=0,DEGREES(ASIN(U6/V6)),(180-DEGREES(ASIN(U6/V6))))) -> #DIV/0! | X6: =IF(W6<0,360+W6,W6) -> #DIV/0!
A7: 1.5 | F7: =(B7-C7)/2 -> 0 | G7: =(D7-E7)/2 -> 0 | H7: =ASIN(F7/20000) -> 0 | I7: =ASIN(G7/20000) -> 0 | J7: =0.5*SIN(H7) -> 0 | K7: =0.5*SIN(I7) -> 0 | L7: =J8+L8 -> 0 | M7: =K8+M8 -> 0 | N7: =SQRT(L7^2+M7^2) -> 0 | O7: =IF(L7>=0,180-DEGREES(ASIN(-M7/N7)),IF(M7<0,DEGREES(ASIN(-M7/N7)),360-DEGREES(ASIN(M7/N7)))) -> #DIV/0! | P7: =IF((O7+$P$1)<=360,O7+$P$1,O7+$P$1-360) -> #DIV/0! | Q7: =1000*N7*COS(RADIANS(P7)) -> #DIV/0! | R7: =1000*N7*SIN(RADIANS(P7)) -> #DIV/0! | S7: =N7*1000 -> 0 | T7: =Q7-'"0" цикл 24.06'!Q6 -> #DIV/0! | U7: =R7-'"0" цикл 24.06'!R6 -> #DIV/0! | V7: =SQRT(T7^2+U7^2) -> #DIV/0! | W7: =IF(V7=0,0,IF(T7>=0,DEGREES(ASIN(U7/V7)),(180-DEGREES(ASIN(U7/V7))))) -> #DIV/0! | X7: =IF(W7<0,360+W7,W7) -> #DIV/0!
A8: 2 | F8: =(B8-C8)/2 -> 0 | G8: =(D8-E8)/2 -> 0 | H8: =ASIN(F8/20000) -> 0 | I8: =ASIN(G8/20000) -> 0 | J8: =0.5*SIN(H8) -> 0 | K8: =0.5*SIN(I8) -> 0 | L8: =J9+L9 -> 0 | M8: =K9+M9 -> 0 | N8: =SQRT(L8^2+M8^2) -> 0 | O8: =IF(L8>=0,180-DEGREES(ASIN(-M8/N8)),IF(M8<0,DEGREES(ASIN(-M8/N8)),360-DEGREES(ASIN(M8/N8)))) -> #DIV/0! | P8: =IF((O8+$P$1)<=360,O8+$P$1,O8+$P$1-360) -> #DIV/0! | Q8: =1000*N8*COS(RADIANS(P8)) -> #DIV/0! | R8: =1000*N8*SIN(RADIANS(P8)) -> #DIV/0! | S8: =N8*1000 -> 0 | T8: =Q8-'"0" цикл 24.06'!Q7 -> #DIV/0! | U8: =R8-'"0" цикл 24.06'!R7 -> #DIV/0! | V8: =SQRT(T8^2+U8^2) -> #DIV/0! | W8: =IF(V8=0,0,IF(T8>=0,DEGREES(ASIN(U8/V8)),(180-DEGREES(ASIN(U8/V8))))) -> #DIV/0! | X8: =IF(W8<0,360+W8,W8) -> #DIV/0!
A9: 2.5 | F9: =(B9-C9)/2 -> 0 | G9: =(D9-E9)/2 -> 0 | H9: =ASIN(F9/20000) -> 0 | I9: =ASIN(G9/20000) -> 0 | J9: =0.5*SIN(H9) -> 0 | K9: =0.5*SIN(I9) -> 0 | L9: =J10+L10 -> 0 | M9: =K10+M10 -> 0 | N9: =SQRT(L9^2+M9^2) -> 0 | O9: =IF(L9>=0,180-DEGREES(ASIN(-M9/N9)),IF(M9<0,DEGREES(ASIN(-M9/N9)),360-DEGREES(ASIN(M9/N9)))) -> #DIV/0! | P9: =IF((O9+$P$1)<=360,O9+$P$1,O9+$P$1-360) -> #DIV/0! | Q9: =1000*N9*COS(RADIANS(P9)) -> #DIV/0! | R9: =1000*N9*SIN(RADIANS(P9)) -> #DIV/0! | S9: =N9*1000 -> 0 | T9: =Q9-'"0" цикл 24.06'!Q8 -> #DIV/0! | U9: =R9-'"0" цикл 24.06'!R8 -> #DIV/0! | V9: =SQRT(T9^2+U9^2) -> #DIV/0! | W9: =IF(V9=0,0,IF(T9>=0,DEGREES(ASIN(U9/V9)),(180-DEGREES(ASIN(U9/V9))))) -> #DIV/0! | X9: =IF(W9<0,360+W9,W9) -> #DIV/0!
A10: 3 | F10: =(B10-C10)/2 -> 0 | G10: =(D10-E10)/2 -> 0 | H10: =ASIN(F10/20000) -> 0 | I10: =ASIN(G10/20000) -> 0 | J10: =0.5*SIN(H10) -> 0 | K10: =0.5*SIN(I10) -> 0 | L10: =J11+L11 -> 0 | M10: =K11+M11 -> 0 | N10: =SQRT(L10^2+M10^2) -> 0 | O10: =IF(L10>=0,180-DEGREES(ASIN(-M10/N10)),IF(M10<0,DEGREES(ASIN(-M10/N10)),360-DEGREES(ASIN(M10/N10)))) -> #DIV/0! | P10: =IF((O10+$P$1)<=360,O10+$P$1,O10+$P$1-360) -> #DIV/0! | Q10: =1000*N10*COS(RADIANS(P10)) -> #DIV/0! | R10: =1000*N10*SIN(RADIANS(P10)) -> #DIV/0! | S10: =N10*1000 -> 0 | T10: =Q10-'"0" цикл 24.06'!Q9 -> #DIV/0! | U10: =R10-'"0" цикл 24.06'!R9 -> #DIV/0! | V10: =SQRT(T10^2+U10^2) -> #DIV/0! | W10: =IF(V10=0,0,IF(T10>=0,DEGREES(ASIN(U10/V10)),(180-DEGREES(ASIN(U10/V10))))) -> #DIV/0! | X10: =IF(W10<0,360+W10,W10) -> #DIV/0!
A11: 3.5 | F11: =(B11-C11)/2 -> 0 | G11: =(D11-E11)/2 -> 0 | H11: =ASIN(F11/20000) -> 0 | I11: =ASIN(G11/20000) -> 0 | J11: =0.5*SIN(H11) -> 0 | K11: =0.5*SIN(I11) -> 0 | L11: =J12+L12 -> 0 | M11: =K12+M12 -> 0 | N11: =SQRT(L11^2+M11^2) -> 0 | O11: =IF(L11>=0,180-DEGREES(ASIN(-M11/N11)),IF(M11<0,DEGREES(ASIN(-M11/N11)),360-DEGREES(ASIN(M11/N11)))) -> #DIV/0! | P11: =IF((O11+$P$1)<=360,O11+$P$1,O11+$P$1-360) -> #DIV/0! | Q11: =1000*N11*COS(RADIANS(P11)) -> #DIV/0! | R11: =1000*N11*SIN(RADIANS(P11)) -> #DIV/0! | S11: =N11*1000 -> 0 | T11: =Q11-'"0" цикл 24.06'!Q10 -> #DIV/0! | U11: =R11-'"0" цикл 24.06'!R10 -> #DIV/0! | V11: =SQRT(T11^2+U11^2) -> #DIV/0! | W11: =IF(V11=0,0,IF(T11>=0,DEGREES(ASIN(U11/V11)),(180-DEGREES(ASIN(U11/V11))))) -> #DIV/0! | X11: =IF(W11<0,360+W11,W11) -> #DIV/0!
A12: 4 | F12: =(B12-C12)/2 -> 0 | G12: =(D12-E12)/2 -> 0 | H12: =ASIN(F12/20000) -> 0 | I12: =ASIN(G12/20000) -> 0 | J12: =0.5*SIN(H12) -> 0 | K12: =0.5*SIN(I12) -> 0 | L12: =J13+L13 -> 0 | M12: =K13+M13 -> 0 | N12: =SQRT(L12^2+M12^2) -> 0 | O12: =IF(L12>=0,180-DEGREES(ASIN(-M12/N12)),IF(M12<0,DEGREES(ASIN(-M12/N12)),360-DEGREES(ASIN(M12/N12)))) -> #DIV/0! | P12: =IF((O12+$P$1)<=360,O12+$P$1,O12+$P$1-360) -> #DIV/0! | Q12: =1000*N12*COS(RADIANS(P12)) -> #DIV/0! | R12: =1000*N12*SIN(RADIANS(P12)) -> #DIV/0! | S12: =N12*1000 -> 0 | T12: =Q12-'"0" цикл 24.06'!Q11 -> #DIV/0! | U12: =R12-'"0" цикл 24.06'!R11 -> #DIV/0! | V12: =SQRT(T12^2+U12^2) -> #DIV/0! | W12: =IF(V12=0,0,IF(T12>=0,DEGREES(ASIN(U12/V12)),(180-DEGREES(ASIN(U12/V12))))) -> #DIV/0! | X12: =IF(W12<0,360+W12,W12) -> #DIV/0!
A13: 4.5 | F13: =(B13-C13)/2 -> 0 | G13: =(D13-E13)/2 -> 0 | H13: =ASIN(F13/20000) -> 0 | I13: =ASIN(G13/20000) -> 0 | J13: =0.5*SIN(H13) -> 0 | K13: =0.5*SIN(I13) -> 0 | L13: =J14+L14 -> 0 | M13: =K14+M14 -> 0 | N13: =SQRT(L13^2+M13^2) -> 0 | O13: =IF(L13>=0,180-DEGREES(ASIN(-M13/N13)),IF(M13<0,DEGREES(ASIN(-M13/N13)),360-DEGREES(ASIN(M13/N13)))) -> #DIV/0! | P13: =IF((O13+$P$1)<=360,O13+$P$1,O13+$P$1-360) -> #DIV/0! | Q13: =1000*N13*COS(RADIANS(P13)) -> #DIV/0! | R13: =1000*N13*SIN(RADIANS(P13)) -> #DIV/0! | S13: =N13*1000 -> 0 | T13: =Q13-'"0" цикл 24.06'!Q12 -> #DIV/0! | U13: =R13-'"0" цикл 24.06'!R12 -> #DIV/0! | V13: =SQRT(T13^2+U13^2) -> #DIV/0! | W13: =IF(V13=0,0,IF(T13>=0,DEGREES(ASIN(U13/V13)),(180-DEGREES(ASIN(U13/V13))))) -> #DIV/0! | X13: =IF(W13<0,360+W13,W13) -> #DIV/0!
A14: 5 | F14: =(B14-C14)/2 -> 0 | G14: =(D14-E14)/2 -> 0 | H14: =ASIN(F14/20000) -> 0 | I14: =ASIN(G14/20000) -> 0 | J14: =0.5*SIN(H14) -> 0 | K14: =0.5*SIN(I14) -> 0 | L14: =J15+L15 -> 0 | M14: =K15+M15 -> 0 | N14: =SQRT(L14^2+M14^2) -> 0 | O14: =IF(L14>=0,180-DEGREES(ASIN(-M14/N14)),IF(M14<0,DEGREES(ASIN(-M14/N14)),360-DEGREES(ASIN(M14/N14)))) -> #DIV/0! | P14: =IF((O14+$P$1)<=360,O14+$P$1,O14+$P$1-360) -> #DIV/0! | Q14: =1000*N14*COS(RADIANS(P14)) -> #DIV/0! | R14: =1000*N14*SIN(RADIANS(P14)) -> #DIV/0! | S14: =N14*1000 -> 0 | T14: =Q14-'"0" цикл 24.06'!Q13 -> #DIV/0! | U14: =R14-'"0" цикл 24.06'!R13 -> #DIV/0! | V14: =SQRT(T14^2+U14^2) -> #DIV/0! | W14: =IF(V14=0,0,IF(T14>=0,DEGREES(ASIN(U14/V14)),(180-DEGREES(ASIN(U14/V14))))) -> #DIV/0! | X14: =IF(W14<0,360+W14,W14) -> #DIV/0!
A15: 5.5 | F15: =(B15-C15)/2 -> 0 | G15: =(D15-E15)/2 -> 0 | H15: =ASIN(F15/20000) -> 0 | I15: =ASIN(G15/20000) -> 0 | J15: =0.5*SIN(H15) -> 0 | K15: =0.5*SIN(I15) -> 0 | L15: =J16+L16 -> 0 | M15: =K16+M16 -> 0 | N15: =SQRT(L15^2+M15^2) -> 0 | O15: =IF(L15>=0,180-DEGREES(ASIN(-M15/N15)),IF(M15<0,DEGREES(ASIN(-M15/N15)),360-DEGREES(ASIN(M15/N15)))) -> #DIV/0! | P15: =IF((O15+$P$1)<=360,O15+$P$1,O15+$P$1-360) -> #DIV/0! | Q15: =1000*N15*COS(RADIANS(P15)) -> #DIV/0! | R15: =1000*N15*SIN(RADIANS(P15)) -> #DIV/0! | S15: =N15*1000 -> 0 | T15: =Q15-'"0" цикл 24.06'!Q14 -> #DIV/0! | U15: =R15-'"0" цикл 24.06'!R14 -> #DIV/0! | V15: =SQRT(T15^2+U15^2) -> #DIV/0! | W15: =IF(V15=0,0,IF(T15>=0,DEGREES(ASIN(U15/V15)),(180-DEGREES(ASIN(U15/V15))))) -> #DIV/0! | X15: =IF(W15<0,360+W15,W15) -> #DIV/0!
... A53: 24.5 | F53: =(B53-C53)/2 -> 0 | G53: =(D53-E53)/2 -> 0 | H53: =ASIN(F53/20000) -> 0 | I53: =ASIN(G53/20000) -> 0 | J53: =0.5*SIN(H53) -> 0 | K53: =0.5*SIN(I53) -> 0 | L53: =J54+L54 -> 0 | M53: =K54+M54 -> 0 | N53: =SQRT(L53^2+M53^2) -> 0 | O53: =IF(L53>=0,180-DEGREES(ASIN(-M53/N53)),IF(M53<0,DEGREES(ASIN(-M53/N53)),360-DEGREES(ASIN(M53/N53)))) -> #DIV/0! | P53: =IF((O53+$P$1)<=360,O53+$P$1,O53+$P$1-360) -> #DIV/0! | Q53: =1000*N53*COS(RADIANS(P53)) -> #DIV/0! | R53: =1000*N53*SIN(RADIANS(P53)) -> #DIV/0! | S53: =N53*1000 -> 0 | T53: =Q53-'"0" цикл 24.06'!Q52 -> #DIV/0! | U53: =R53-'"0" цикл 24.06'!R52 -> #DIV/0! | V53: =SQRT(T53^2+U53^2) -> #DIV/0! | W53: =IF(V53=0,0,IF(T53>=0,DEGREES(ASIN(U53/V53)),(180-DEGREES(ASIN(U53/V53))))) -> #DIV/0! | X53: =IF(W53<0,360+W53,W53) -> #DIV/0!
A54: 25 | F54: =(B54-C54)/2 -> 0 | G54: =(D54-E54)/2 -> 0 | H54: =ASIN(F54/20000) -> 0 | I54: =ASIN(G54/20000) -> 0 | J54: =0.5*SIN(H54) -> 0 | K54: =0.5*SIN(I54) -> 0 | L54: =J55+L55 -> 0 | M54: =K55+M55 -> 0 | N54: =SQRT(L54^2+M54^2) -> 0 | O54: 0 | P54: 0 | Q54: =1000*N54*COS(RADIANS(P54)) -> 0 | R54: =1000*N54*SIN(RADIANS(P54)) -> 0 | S54: =N54*1000 -> 0 | T54: =Q54-'"0" цикл 24.06'!Q53 -> -609.23572 | U54: =R54-'"0" цикл 24.06'!R53 -> -915.46943 | V54: =SQRT(T54^2+U54^2) -> 1099.6601 | W54: =IF(V54=0,0,IF(T54>=0,DEGREES(ASIN(U54/V54)),(180-DEGREES(ASIN(U54/V54))))) -> 236.35663 | X54: =IF(W54<0,360+W54,W54) -> 236.35663

Sheet 13
B1: Данные с инклинометра | H1: Цикл 13 (10.08.2024) | O1: Аз скв | P1: 180
A2: Глубина | B2: А1 | C2: А3 | D2: В1 | E2: В3 | F2: A | G2: В | H2: αА | I2: αВ | J2: Da i | K2: Db i | L2: Da | M2: Db | N2: D | O2: Аз (A-B) | Q2: D сев | R2: D восток | S2: D | T2: ΔD сев | U2: ΔD восток | V2: ΔD | X2: Аз откл
A3: -0.5 | F3: =(B3-C3)/2 -> 0 | G3: =(D3-E3)/2 -> 0 | H3: =ASIN(F3/20000) -> 0 | I3: =ASIN(G3/20000) -> 0 | J3: =0.5*SIN(H3) -> 0 | K3: =0.5*SIN(I3) -> 0 | L3: =J4+L4 -> 0 | M3: =K4+M4 -> 0 | N3: =SQRT(L3^2+M3^2) -> 0 | O3: =IF(L3>=0,180-DEGREES(ASIN(-M3/N3)),IF(M3<0,DEGREES(ASIN(-M3/N3)),360-DEGREES(ASIN(M3/N3)))) -> #DIV/0! | P3: =IF((O3+$P$1)<=360,O3+$P$1,O3+$P$1-360) -> #DIV/0! | Q3: =1000*N3*COS(RADIANS(P3)) -> #DIV/0! | R3: =1000*N3*SIN(RADIANS(P3)) -> #DIV/0! | S3: =N3*1000 -> 0 | T3: =Q3-'"0" цикл 24.06'!#REF! -> #DIV/0! | U3: =R3-'"0" цикл 24.06'!#REF! -> #DIV/0! | V3: =SQRT(T3^2+U3^2) -> #DIV/0! | W3: =IF(V3=0,0,IF(T3>=0,DEGREES(ASIN(U3/V3)),(180-DEGREES(ASIN(U3/V3))))) -> #DIV/0! | X3: =IF(W3<0,360+W3,W3) -> #DIV/0!
A4: 0 | F4: =(B4-C4)/2 -> 0 | G4: =(D4-E4)/2 -> 0 | H4: =ASIN(F4/20000) -> 0 | I4: =ASIN(G4/20000) -> 0 | J4: =0.5*SIN(H4) -> 0 | K4: =0.5*SIN(I4) -> 0 | L4: =J5+L5 -> 0 | M4: =K5+M5 -> 0 | N4: =SQRT(L4^2+M4^2) -> 0 | O4: =IF(L4>=0,180-DEGREES(ASIN(-M4/N4)),IF(M4<0,DEGREES(ASIN(-M4/N4)),360-DEGREES(ASIN(M4/N4)))) -> #DIV/0! | P4: =IF((O4+$P$1)<=360,O4+$P$1,O4+$P$1-360) -> #DIV/0! | Q4: =1000*N4*COS(RADIANS(P4)) -> #DIV/0! | R4: =1000*N4*SIN(RADIANS(P4)) -> #DIV/0! | S4: =N4*1000 -> 0 | T4: =Q4-'"0" цикл 24.06'!Q3 -> #DIV/0! | U4: =R4-'"0" цикл 24.06'!R3 -> #DIV/0! | V4: =SQRT(T4^2+U4^2) -> #DIV/0! | W4: =IF(V4=0,0,IF(T4>=0,DEGREES(ASIN(U4/V4)),(180-DEGREES(ASIN(U4/V4))))) -> #DIV/0! | X4: =IF(W4<0,360+W4,W4) -> #DIV/0!
A5: 0.5 | F5: =(B5-C5)/2 -> 0 | G5: =(D5-E5)/2 -> 0 | H5: =ASIN(F5/20000) -> 0 | I5: =ASIN(G5/20000) -> 0 | J5: =0.5*SIN(H5) -> 0 | K5: =0.5*SIN(I5) -> 0 | L5: =J6+L6 -> 0 | M5: =K6+M6 -> 0 | N5: =SQRT(L5^2+M5^2) -> 0 | O5: =IF(L5>=0,180-DEGREES(ASIN(-M5/N5)),IF(M5<0,DEGREES(ASIN(-M5/N5)),360-DEGREES(ASIN(M5/N5)))) -> #DIV/0! | P5: =IF((O5+$P$1)<=360,O5+$P$1,O5+$P$1-360) -> #DIV/0! | Q5: =1000*N5*COS(RADIANS(P5)) -> #DIV/0! | R5: =1000*N5*SIN(RADIANS(P5)) -> #DIV/0! | S5: =N5*1000 -> 0 | T5: =Q5-'"0" цикл 24.06'!Q4 -> #DIV/0! | U5: =R5-'"0" цикл 24.06'!R4 -> #DIV/0! | V5: =SQRT(T5^2+U5^2) -> #DIV/0! | W5: =IF(V5=0,0,IF(T5>=0,DEGREES(ASIN(U5/V5)),(180-DEGREES(ASIN(U5/V5))))) -> #DIV/0! | X5: =IF(W5<0,360+W5,W5) -> #DIV/0!
A6: 1 | F6: =(B6-C6)/2 -> 0 | G6: =(D6-E6)/2 -> 0 | H6: =ASIN(F6/20000) -> 0 | I6: =ASIN(G6/20000) -> 0 | J6: =0.5*SIN(H6) -> 0 | K6: =0.5*SIN(I6) -> 0 | L6: =J7+L7 -> 0 | M6: =K7+M7 -> 0 | N6: =SQRT(L6^2+M6^2) -> 0 | O6: =IF(L6>=0,180-DEGREES(ASIN(-M6/N6)),IF(M6<0,DEGREES(ASIN(-M6/N6)),360-DEGREES(ASIN(M6/N6)))) -> #DIV/0! | P6: =IF((O6+$P$1)<=360,O6+$P$1,O6+$P$1-360) -> #DIV/0! | Q6: =1000*N6*COS(RADIANS(P6)) -> #DIV/0! | R6: =1000*N6*SIN(RADIANS(P6)) -> #DIV/0! | S6: =N6*1000 -> 0 | T6: =Q6-'"0" цикл 24.06'!Q5 -> #DIV/0! | U6: =R6-'"0" цикл 24.06'!R5 -> #DIV/0! | V6: =SQRT(T6^2+U6^2) -> #DIV/0! | W6: =IF(V6=0,0,IF(T6>=0,DEGREES(ASIN(U6/V6)),(180-DEGREES(ASIN(U6/V6))))) -> #DIV/0! | X6: =IF(W6<0,360+W6,W6) -> #DIV/0!
A7: 1.5 | F7: =(B7-C7)/2 -> 0 | G7: =(D7-E7)/2 -> 0 | H7: =ASIN(F7/20000) -> 0 | I7: =ASIN(G7/20000) -> 0 | J7: =0.5*SIN(H7) -> 0 | K7: =0.5*SIN(I7) -> 0 | L7: =J8+L8 -> 0 | M7: =K8+M8 -> 0 | N7: =SQRT(L7^2+M7^2) -> 0 | O7: =IF(L7>=0,180-DEGREES(ASIN(-M7/N7)),IF(M7<0,DEGREES(ASIN(-M7/N7)),360-DEGREES(ASIN(M7/N7)))) -> #DIV/0! | P7: =IF((O7+$P$1)<=360,O7+$P$1,O7+$P$1-360) -> #DIV/0! | Q7: =1000*N7*COS(RADIANS(P7)) -> #DIV/0! | R7: =1000*N7*SIN(RADIANS(P7)) -> #DIV/0! | S7: =N7*1000 -> 0 | T7: =Q7-'"0" цикл 24.06'!Q6 -> #DIV/0! | U7: =R7-'"0" цикл 24.06'!R6 -> #DIV/0! | V7: =SQRT(T7^2+U7^2) -> #DIV/0! | W7: =IF(V7=0,0,IF(T7>=0,DEGREES(ASIN(U7/V7)),(180-DEGREES(ASIN(U7/V7))))) -> #DIV/0! | X7: =IF(W7<0,360+W7,W7) -> #DIV/0!
A8: 2 | F8: =(B8-C8)/2 -> 0 | G8: =(D8-E8)/2 -> 0 | H8: =ASIN(F8/20000) -> 0 | I8: =ASIN(G8/20000) -> 0 | J8: =0.5*SIN(H8) -> 0 | K8: =0.5*SIN(I8) -> 0 | L8: =J9+L9 -> 0 | M8: =K9+M9 -> 0 | N8: =SQRT(L8^2+M8^2) -> 0 | O8: =IF(L8>=0,180-DEGREES(ASIN(-M8/N8)),IF(M8<0,DEGREES(ASIN(-M8/N8)),360-DEGREES(ASIN(M8/N8)))) -> #DIV/0! | P8: =IF((O8+$P$1)<=360,O8+$P$1,O8+$P$1-360) -> #DIV/0! | Q8: =1000*N8*COS(RADIANS(P8)) -> #DIV/0! | R8: =1000*N8*SIN(RADIANS(P8)) -> #DIV/0! | S8: =N8*1000 -> 0 | T8: =Q8-'"0" цикл 24.06'!Q7 -> #DIV/0! | U8: =R8-'"0" цикл 24.06'!R7 -> #DIV/0! | V8: =SQRT(T8^2+U8^2) -> #DIV/0! | W8: =IF(V8=0,0,IF(T8>=0,DEGREES(ASIN(U8/V8)),(180-DEGREES(ASIN(U8/V8))))) -> #DIV/0! | X8: =IF(W8<0,360+W8,W8) -> #DIV/0!
A9: 2.5 | F9: =(B9-C9)/2 -> 0 | G9: =(D9-E9)/2 -> 0 | H9: =ASIN(F9/20000) -> 0 | I9: =ASIN(G9/20000) -> 0 | J9: =0.5*SIN(H9) -> 0 | K9: =0.5*SIN(I9) -> 0 | L9: =J10+L10 -> 0 | M9: =K10+M10 -> 0 | N9: =SQRT(L9^2+M9^2) -> 0 | O9: =IF(L9>=0,180-DEGREES(ASIN(-M9/N9)),IF(M9<0,DEGREES(ASIN(-M9/N9)),360-DEGREES(ASIN(M9/N9)))) -> #DIV/0! | P9: =IF((O9+$P$1)<=360,O9+$P$1,O9+$P$1-360) -> #DIV/0! | Q9: =1000*N9*COS(RADIANS(P9)) -> #DIV/0! | R9: =1000*N9*SIN(RADIANS(P9)) -> #DIV/0! | S9: =N9*1000 -> 0 | T9: =Q9-'"0" цикл 24.06'!Q8 -> #DIV/0! | U9: =R9-'"0" цикл 24.06'!R8 -> #DIV/0! | V9: =SQRT(T9^2+U9^2) -> #DIV/0! | W9: =IF(V9=0,0,IF(T9>=0,DEGREES(ASIN(U9/V9)),(180-DEGREES(ASIN(U9/V9))))) -> #DIV/0! | X9: =IF(W9<0,360+W9,W9) -> #DIV/0!
A10: 3 | F10: =(B10-C10)/2 -> 0 | G10: =(D10-E10)/2 -> 0 | H10: =ASIN(F10/20000) -> 0 | I10: =ASIN(G10/20000) -> 0 | J10: =0.5*SIN(H10) -> 0 | K10: =0.5*SIN(I10) -> 0 | L10: =J11+L11 -> 0 | M10: =K11+M11 -> 0 | N10: =SQRT(L10^2+M10^2) -> 0 | O10: =IF(L10>=0,180-DEGREES(ASIN(-M10/N10)),IF(M10<0,DEGREES(ASIN(-M10/N10)),360-DEGREES(ASIN(M10/N10)))) -> #DIV/0! | P10: =IF((O10+$P$1)<=360,O10+$P$1,O10+$P$1-360) -> #DIV/0! | Q10: =1000*N10*COS(RADIANS(P10)) -> #DIV/0! | R10: =1000*N10*SIN(RADIANS(P10)) -> #DIV/0! | S10: =N10*1000 -> 0 | T10: =Q10-'"0" цикл 24.06'!Q9 -> #DIV/0! | U10: =R10-'"0" цикл 24.06'!R9 -> #DIV/0! | V10: =SQRT(T10^2+U10^2) -> #DIV/0! | W10: =IF(V10=0,0,IF(T10>=0,DEGREES(ASIN(U10/V10)),(180-DEGREES(ASIN(U10/V10))))) -> #DIV/0! | X10: =IF(W10<0,360+W10,W10) -> #DIV/0!
A11: 3.5 | F11: =(B11-C11)/2 -> 0 | G11: =(D11-E11)/2 -> 0 | H11: =ASIN(F11/20000) -> 0 | I11: =ASIN(G11/20000) -> 0 | J11: =0.5*SIN(H11) -> 0 | K11: =0.5*SIN(I11) -> 0 | L11: =J12+L12 -> 0 | M11: =K12+M12 -> 0 | N11: =SQRT(L11^2+M11^2) -> 0 | O11: =IF(L11>=0,180-DEGREES(ASIN(-M11/N11)),IF(M11<0,DEGREES(ASIN(-M11/N11)),360-DEGREES(ASIN(M11/N11)))) -> #DIV/0! | P11: =IF((O11+$P$1)<=360,O11+$P$1,O11+$P$1-360) -> #DIV/0! | Q11: =1000*N11*COS(RADIANS(P11)) -> #DIV/0! | R11: =1000*N11*SIN(RADIANS(P11)) -> #DIV/0! | S11: =N11*1000 -> 0 | T11: =Q11-'"0" цикл 24.06'!Q10 -> #DIV/0! | U11: =R11-'"0" цикл 24.06'!R10 -> #DIV/0! | V11: =SQRT(T11^2+U11^2) -> #DIV/0! | W11: =IF(V11=0,0,IF(T11>=0,DEGREES(ASIN(U11/V11)),(180-DEGREES(ASIN(U11/V11))))) -> #DIV/0! | X11: =IF(W11<0,360+W11,W11) -> #DIV/0!
A12: 4 | F12: =(B12-C12)/2 -> 0 | G12: =(D12-E12)/2 -> 0 | H12: =ASIN(F12/20000) -> 0 | I12: =ASIN(G12/20000) -> 0 | J12: =0.5*SIN(H12) -> 0 | K12: =0.5*SIN(I12) -> 0 | L12: =J13+L13 -> 0 | M12: =K13+M13 -> 0 | N12: =SQRT(L12^2+M12^2) -> 0 | O12: =IF(L12>=0,180-DEGREES(ASIN(-M12/N12)),IF(M12<0,DEGREES(ASIN(-M12/N12)),360-DEGREES(ASIN(M12/N12)))) -> #DIV/0! | P12: =IF((O12+$P$1)<=360,O12+$P$1,O12+$P$1-360) -> #DIV/0! | Q12: =1000*N12*COS(RADIANS(P12)) -> #DIV/0! | R12: =1000*N12*SIN(RADIANS(P12)) -> #DIV/0! | S12: =N12*1000 -> 0 | T12: =Q12-'"0" цикл 24.06'!Q11 -> #DIV/0! | U12: =R12-'"0" цикл 24.06'!R11 -> #DIV/0! | V12: =SQRT(T12^2+U12^2) -> #DIV/0! | W12: =IF(V12=0,0,IF(T12>=0,DEGREES(ASIN(U12/V12)),(180-DEGREES(ASIN(U12/V12))))) -> #DIV/0! | X12: =IF(W12<0,360+W12,W12) -> #DIV/0!
A13: 4.5 | F13: =(B13-C13)/2 -> 0 | G13: =(D13-E13)/2 -> 0 | H13: =ASIN(F13/20000) -> 0 | I13: =ASIN(G13/20000) -> 0 | J13: =0.5*SIN(H13) -> 0 | K13: =0.5*SIN(I13) -> 0 | L13: =J14+L14 -> 0 | M13: =K14+M14 -> 0 | N13: =SQRT(L13^2+M13^2) -> 0 | O13: =IF(L13>=0,180-DEGREES(ASIN(-M13/N13)),IF(M13<0,DEGREES(ASIN(-M13/N13)),360-DEGREES(ASIN(M13/N13)))) -> #DIV/0! | P13: =IF((O13+$P$1)<=360,O13+$P$1,O13+$P$1-360) -> #DIV/0! | Q13: =1000*N13*COS(RADIANS(P13)) -> #DIV/0! | R13: =1000*N13*SIN(RADIANS(P13)) -> #DIV/0! | S13: =N13*1000 -> 0 | T13: =Q13-'"0" цикл 24.06'!Q12 -> #DIV/0! | U13: =R13-'"0" цикл 24.06'!R12 -> #DIV/0! | V13: =SQRT(T13^2+U13^2) -> #DIV/0! | W13: =IF(V13=0,0,IF(T13>=0,DEGREES(ASIN(U13/V13)),(180-DEGREES(ASIN(U13/V13))))) -> #DIV/0! | X13: =IF(W13<0,360+W13,W13) -> #DIV/0!
A14: 5 | F14: =(B14-C14)/2 -> 0 | G14: =(D14-E14)/2 -> 0 | H14: =ASIN(F14/20000) -> 0 | I14: =ASIN(G14/20000) -> 0 | J14: =0.5*SIN(H14) -> 0 | K14: =0.5*SIN(I14) -> 0 | L14: =J15+L15 -> 0 | M14: =K15+M15 -> 0 | N14: =SQRT(L14^2+M14^2) -> 0 | O14: =IF(L14>=0,180-DEGREES(ASIN(-M14/N14)),IF(M14<0,DEGREES(ASIN(-M14/N14)),360-DEGREES(ASIN(M14/N14)))) -> #DIV/0! | P14: =IF((O14+$P$1)<=360,O14+$P$1,O14+$P$1-360) -> #DIV/0! | Q14: =1000*N14*COS(RADIANS(P14)) -> #DIV/0! | R14: =1000*N14*SIN(RADIANS(P14)) -> #DIV/0! | S14: =N14*1000 -> 0 | T14: =Q14-'"0" цикл 24.06'!Q13 -> #DIV/0! | U14: =R14-'"0" цикл 24.06'!R13 -> #DIV/0! | V14: =SQRT(T14^2+U14^2) -> #DIV/0! | W14: =IF(V14=0,0,IF(T14>=0,DEGREES(ASIN(U14/V14)),(180-DEGREES(ASIN(U14/V14))))) -> #DIV/0! | X14: =IF(W14<0,360+W14,W14) -> #DIV/0!
A15: 5.5 | F15: =(B15-C15)/2 -> 0 | G15: =(D15-E15)/2 -> 0 | H15: =ASIN(F15/20000) -> 0 | I15: =ASIN(G15/20000) -> 0 | J15: =0.5*SIN(H15) -> 0 | K15: =0.5*SIN(I15) -> 0 | L15: =J16+L16 -> 0 | M15: =K16+M16 -> 0 | N15: =SQRT(L15^2+M15^2) -> 0 | O15: =IF(L15>=0,180-DEGREES(ASIN(-M15/N15)),IF(M15<0,DEGREES(ASIN(-M15/N15)),360-DEGREES(ASIN(M15/N15)))) -> #DIV/0! | P15: =IF((O15+$P$1)<=360,O15+$P$1,O15+$P$1-360) -> #DIV/0! | Q15: =1000*N15*COS(RADIANS(P15)) -> #DIV/0! | R15: =1000*N15*SIN(RADIANS(P15)) -> #DIV/0! | S15: =N15*1000 -> 0 | T15: =Q15-'"0" цикл 24.06'!Q14 -> #DIV/0! | U15: =R15-'"0" цикл 24.06'!R14 -> #DIV/0! | V15: =SQRT(T15^2+U15^2) -> #DIV/0! | W15: =IF(V15=0,0,IF(T15>=0,DEGREES(ASIN(U15/V15)),(180-DEGREES(ASIN(U15/V15))))) -> #DIV/0! | X15: =IF(W15<0,360+W15,W15) -> #DIV/0!
... A53: 24.5 | F53: =(B53-C53)/2 -> 0 | G53: =(D53-E53)/2 -> 0 | H53: =ASIN(F53/20000) -> 0 | I53: =ASIN(G53/20000) -> 0 | J53: =0.5*SIN(H53) -> 0 | K53: =0.5*SIN(I53) -> 0 | L53: =J54+L54 -> 0 | M53: =K54+M54 -> 0 | N53: =SQRT(L53^2+M53^2) -> 0 | O53: =IF(L53>=0,180-DEGREES(ASIN(-M53/N53)),IF(M53<0,DEGREES(ASIN(-M53/N53)),360-DEGREES(ASIN(M53/N53)))) -> #DIV/0! | P53: =IF((O53+$P$1)<=360,O53+$P$1,O53+$P$1-360) -> #DIV/0! | Q53: =1000*N53*COS(RADIANS(P53)) -> #DIV/0! | R53: =1000*N53*SIN(RADIANS(P53)) -> #DIV/0! | S53: =N53*1000 -> 0 | T53: =Q53-'"0" цикл 24.06'!Q52 -> #DIV/0! | U53: =R53-'"0" цикл 24.06'!R52 -> #DIV/0! | V53: =SQRT(T53^2+U53^2) -> #DIV/0! | W53: =IF(V53=0,0,IF(T53>=0,DEGREES(ASIN(U53/V53)),(180-DEGREES(ASIN(U53/V53))))) -> #DIV/0! | X53: =IF(W53<0,360+W53,W53) -> #DIV/0!
A54: 25 | F54: =(B54-C54)/2 -> 0 | G54: =(D54-E54)/2 -> 0 | H54: =ASIN(F54/20000) -> 0 | I54: =ASIN(G54/20000) -> 0 | J54: =0.5*SIN(H54) -> 0 | K54: =0.5*SIN(I54) -> 0 | L54: =J55+L55 -> 0 | M54: =K55+M55 -> 0 | N54: =SQRT(L54^2+M54^2) -> 0 | O54: 0 | P54: 0 | Q54: =1000*N54*COS(RADIANS(P54)) -> 0 | R54: =1000*N54*SIN(RADIANS(P54)) -> 0 | S54: =N54*1000 -> 0 | T54: =Q54-'"0" цикл 24.06'!Q53 -> -609.23572 | U54: =R54-'"0" цикл 24.06'!R53 -> -915.46943 | V54: =SQRT(T54^2+U54^2) -> 1099.6601 | W54: =IF(V54=0,0,IF(T54>=0,DEGREES(ASIN(U54/V54)),(180-DEGREES(ASIN(U54/V54))))) -> 236.35663 | X54: =IF(W54<0,360+W54,W54) -> 236.35663

Sheet Лист1
A1: 0.0 | B1: 5556 | C1: -12381 | D1: 11531 | E1: 729 | K1: Координаты X для графиков | M1: Диапазон на графике
A2: 0.5 | B2: -293 | C2: 280 | D2: -8 | E2: 9 | K2: X Для первого | M2: -45 | N2: 15
A3: 1.0 | B3: -281 | C3: 274 | D3: 3 | E3: 1 | K3: X Для второго | M3: -35 | N3: 35
A4: 1.5 | B4: -224 | C4: 219 | D4: -2 | E4: 9 | K4: X Для третьего | M4: 0 | N4: 8
A5: 2.0 | B5: -130 | C5: 140 | D5: -21 | E5: 29 | K5: X Для четвертого | M5: 0 | N5: 360
A6: 2.5 | B6: -34 | C6: 18 | D6: -119 | E6: 130
A7: 3.0 | B7: -24 | C7: 30 | D7: -212 | E7: 218 | K7: Элемент | L7: Абс.отм.м. | M7: Глубина
A8: 3.5 | B8: 18 | C8: -13 | D8: -267 | E8: 274 | K8: Устье скважины | L8: 282.5 | M8: =$L$8-L8 -> 0 | N8: =M8 -> 0
A9: 4.0 | B9: 69 | C9: -69 | D9: -279 | E9: 290 | K9: Полка под дорогой | L9: 280 | M9: =$L$8-L9 -> 2.5 | N9: =M9 -> 2.5
A10: 4.5 | B10: 107 | C10: -111 | D10: -294 | E10: 302 | K10: Верхний уровень габиона | L10: 272 | M10: =$L$8-L10 -> 10.5 | N10: =M10 -> 10.5
A11: 5.0 | B11: 184 | C11: -185 | D11: -311 | E11: 319 | K11: Полка под габионом | L11: 269 | M11: =$L$8-L11 -> 13.5 | N11: =M11 -> 13.5
A12: 5.5 | B12: 232 | C12: -238 | D12: -283 | E12: 293 | K12: Дно котлована | L12: 263 | M12: =$L$8-L12 -> 19.5 | N12: =M12 -> 19.5
A13: 6.0 | B13: 203 | C13: -198 | D13: -242 | E13: 249
A14: 6.5 | B14: 150 | C14: -152 | D14: -178 | E14: 187
A15: 7.0 | B15: 159 | C15: -160 | D15: -128 | E15: 135
A16: 7.5 | B16: 174 | C16: -175 | D16: -106 | E16: 113
A17: 8.0 | B17: 167 | C17: -172 | D17: -111 | E17: 94
A18: 8.5 | B18: 313 | C18: -310 | D18: -217 | E18: 243
A19: 9.0 | B19: 221 | C19: -221 | D19: -217 | E19: 223
A20: 9.5 | B20: 88 | C20: -87 | D20: -185 | E20: 193
A21: 10.0 | B21: -60 | C21: 49 | D21: -175 | E21: 182
A22: 10.5 | B22: -191 | C22: 191 | D22: -162 | E22: 167
A23: 11.0 | B23: -288 | C23: 304 | D23: -142 | E23: 129
A24: 11.5 | B24: -104 | C24: 88 | D24: -196 | E24: 224
... A53: 26.0 | B53: -279 | C53: 273 | D53: 209 | E53: -200
